,id,seq,dssp8,dssp3
0,6DLM_A,GSPRSYLLKELADLSQHLVRLLERLVRESERVVEVLERGEVDEEELKRLEDLHRELEKAVREVRETHREIRERSR,LLHHHHHHHHHHHHHHHHHHHHHHHHHHHHHHHHHHHTTLLLSHHHHHHHHHHHHHHHHHHHHHHHHHHHHHHTL,CCHHHHHHHHHHHHHHHHHHHHHHHHHHHHHHHHHHHCCCCCCHHHHHHHHHHHHHHHHHHHHHHHHHHHHHHCC
1,5OXZ_A,FKVIYGDSIMDTEIEVIENGIKKKEKLSDLFNKYYAGFQIGEKHYAFPPDLYVYDGERWVKVYSIIKHETETDLYEINGITLSANHLVLSKGNWVKAKEYENKNN,LLLBLLLLBLSLEEEEEETTEEEEEEHHHHHHHHEEEEEETTEEEELLSSEEEELSSSEEEEEEEEEEEEEEEEEEETTEEEEELLLLLLLLLLLLLLLLLLLLL,CCCECCCCECCCEEEEEECCEEEEEEHHHHHHHHEEEEEECCEEEECCCCEEEECCCCEEEEEEEEEEEEEEEEEEECCEEEEECCCCCCCCCCCCCCCCCCCCC
2,5Z1V_D,MSHHHHHHSMAMTQVTILKKGERITWVEVPKGESREFNIRGKYFTVSVSDDGTPSISGSKYTVE,LLLLLLLLLLLLEEEEEEETTEEEEEEEELTTEEEEEEETTEEEEEEELTTSLEEESSSSLEEL,CCCCCCCCCCCCEEEEEEECCEEEEEEEECCCEEEEEEECCEEEEEEECCCCCEEECCCCCEEC
3,6DNQ_E,GSHMASGLFRALPVSAPEDLLVEELVDGLLSLEEELKDKEEEKAVLDGLLSLEEESRGRLRRGPPGEKAPPRGETHRDR,LLLLLGGGGLLLLLHHHHHHHHHHHHHHHHHHHHHHHHHHHHHHHHHHHHHHHHHTLLLLLLLLLLLLLLLLLLLLLLL,CCCCCHHHHCCCCCHHHHHHHHHHHHHHHHHHHHHHHHHHHHHHHHHHHHHHHHHCCCCCCCCCCCCCCCCCCCCCCCC
4,5YKU_A,PTPVEVSQLTYNADTIGNWVPPTELKQTYTQDITGLKPNSKFIIVPYMDRVSSEVLQKCTITCNEVDAVGSISYFDTSAIKCDGYISFQANSIGEATFTLVTDYQGAVDPKPYQYRIIRAIVGNN,LLLBLGGGLEEEEEEEEELLLLSSSEEEEEEEELSLLTTLEEEEEEELLLLLLSSLEEEEEEELSTTLEEEEEEELSSSLEEEEEEEEELLTTSLEEEEEEEEESLLSSLLLLEEEEEEEESBTL,CCCECHHHCEEEEEEEEECCCCCCCEEEEEEEECCCCCCCEEEEEEECCCCCCCCCEEEEEEECCCCCEEEEEEECCCCCEEEEEEEEECCCCCCEEEEEEEEECCCCCCCCCEEEEEEEECECC
5,6GDJ_A,GGPAPLSTMQTALMRLRTYHPSPIILKPVEQAVNHAITLVNTSPSSVVDALCRSLAELCLGLVQEAIDASILSQQESSNSLDLVRHTP,LLLLHHHHHHHHHHHHHTTLLLHHHHHHHHHHHHHHHHHHHHSLLHHHHHHHHHHHHHHHHHHHHHHHHHHHLLLLLLLLLLLLLLLL,CCCCHHHHHHHHHHHHHCCCCCHHHHHHHHHHHHHHHHHHHHCCCHHHHHHHHHHHHHHHHHHHHHHHHHHHCCCCCCCCCCCCCCCC
6,6S29_D,PRVYETELLVLRFREFGVKDNHNHPINLHSLRSKSLIRAQGKKLDLHNRVFLRRNVRAVKM,LLLLLEEEEEELLBLLLLLLLLLLLLLHHHHHHHHHHHHHHHHHHTSSLSSLHHHHHHHHL,CCCCCEEEEEECCECCCCCCCCCCCCCHHHHHHHHHHHHHHHHHHCCCCCCCHHHHHHHHC
7,5WJC_B,MDLMPLEKARAIEIAFDNVFHNTKIPDNLQQFDAILKRLERRRFIPTENQKPRVYETELLVLRFREFGVKDNHNHPINLHSLRSKSLIRAQGKKLDLHNRVFLRRNVRAVKM,LLLLLLLLLLLLLLLLLLLLLLLLLLLLLLLLLLLLLLLLLLLLLLLLLLLLLLLLLLLLLLLLLLLLLLLLLLLLLLLLLLLLLLLLLLLLLLLLLLLLSSLHHHHHHHHL,CCCCCCCCCCCCCCCCCCCCCCCCCCCCCCCCCCCCCCCCCCCCCCCCCCCCCCCCCCCCCCCCCCCCCCCCCCCCCCCCCCCCCCCCCCCCCCCCCCCCCCCHHHHHHHHC
8,6JHC_A,LTCDQLPKAAINPIQEFIDSNPLEFEYVLTETFECTTRIYVQPARWSTTKAPTALDIKGTQIMAYDFVGGPENSAHLNECHTGDKQVWYFQYTNLLTDNGSSYCAYRCNGTEIIEYKCASNNNGTDPLQHQAMEVAKTVPNGDKIHYAKSNCPETHGCFAFY,LLGGGSLLLLLLLHHHHHTTLSEEEEEESSSTTTTLEEEEELLLTTLSSLLLEEEEEETTEEEEEEEEEEGGGEEEEEETTTLLEEEEEEEEEEEEETTEEEEEEEEEETTEEEEEEEEESSTTLLHHHHHHHHHHTTSTTGGGLEESLSSLLLLSSLSSLL,CCHHHCCCCCCCCHHHHHCCCCEEEEEECCCCCCCCEEEEECCCCCCCCCCCEEEEEECCEEEEEEEEEEHHHEEEEEECCCCCEEEEEEEEEEEEECCEEEEEEEEEECCEEEEEEEEECCCCCCHHHHHHHHHHCCCCCHHHCEECCCCCCCCCCCCCCC
9,6OHH_B,GSSMSRAAQLLPGTWQVTMTNEDGQTSQGQWHFQPRSPYTMDIVAQGTISDGRPIVGYGKATVKTPDTLDIDITYPSLGNIKAQGQITMDSPTQFKWDAHYKGDKDGDGYISAAEAAAQGLTGTLQRQE,LLGGGTTGGGLSEEEEEEEEETTSLEEEEEEEEEESSSSEEEEEEEEEETTSLEEEEEEEEEEEETTEEEEEEEEGGGTTEEEEEEEEEEETTEEEEEEEEESLTTLSSLLLHHHHSLEEEEEEEEELL,CCHHHCCHHHCCEEEEEEEEECCCCEEEEEEEEEECCCCEEEEEEEEEECCCCEEEEEEEEEEEECCEEEEEEEEHHHCCEEEEEEEEEEECCEEEEEEEEECCCCCCCCCCHHHHCCEEEEEEEEECC
10,6NJD_B,GPLGSMNLKAEVFLNQNCAEMMIKKAAQLILGSDLDFEYTRGIQDIQVDLGPAFMFSPDEEKTLWVSGKNQETLEKDLATLNKSSVYFFRTGTQGGAGHWQVLYYEAAKSGWVSYSSQSNHFQVTDSNGKLTASGKGLLVPHANWGKENGNYAFLLVNASAENIIHAANFVYILRTQNEVAAIEYCALNHEFHPEIKRTARAKAE,LLLLLLLLLLLLLLSLLHHHHHHHHHHHHHHSEEEEELLLSSLLLSLLLLGGGGTTSLGGGEEEELLTTSHHHHHHHHHTSLTTLLEEEEEEESSSLEEEEEEEEETTTTEEEEEEETTEEEELBLTTSLBLHHHHTTLLTTSLBSSSTTLEEEEEEELLHHHHHHHHHHHHHHHHSLHHHHHHHHHHLLSLLTTEEEEELLLLL,CCCCCCCCCCCCCCCCCHHHHHHHHHHHHHHCEEEEECCCCCCCCCCCCCHHHHCCCCHHHEEEECCCCCHHHHHHHHHCCCCCCCEEEEEEECCCCEEEEEEEEECCCCEEEEEEECCEEEECECCCCCECHHHHCCCCCCCCECCCCCCEEEEEEECCHHHHHHHHHHHHHHHHCCHHHHHHHHHHCCCCCCCEEEEECCCCC
11,6N7O_A,GSMRDKLLDFIIELSQSSKQVVSKSYVIDRLMQVTKEDYKELEKNVEGKKDD,LHHHHHHHHHHHHHHHSLLSEEEHHHHHHHHHHHTLLLLLLLLLLLLLLLLL,CHHHHHHHHHHHHHHHCCCCEEEHHHHHHHHHHHCCCCCCCCCCCCCCCCCC
12,6MJB_C,GDKDNGLHAGETDGDDEGFEFRRHSNLGVPTLGERLDSLHEIKSARRMDHFNSSRNSLR,LLLLLLLLLLLLLLLLLLLLLLLLLSSLLLLHHHHHHHHHHHHHLEELLLLLLLLLLLL,CCCCCCCCCCCCCCCCCCCCCCCCCCCCCCCHHHHHHHHHHHHHCEECCCCCCCCCCCC
13,6FTO_C,MPKEDDSLCKIVVRREPLDVLLPYYDASETTVQKILHENDSTLSVKFLAGVEALIKKDELDKYKNGKACLRVWLKHKSGKR,LLLLLLLLEEEEELLLLGGGTGGGBLTTTTLEEEEEEEETTEEEEEETTTEEEEEEGGGGGGSTTHHHHHHHHHHHHTTLL,CCCCCCCCEEEEECCCCHHHCHHHECCCCCCEEEEEEEECCEEEEEECCCEEEEEEHHHHHHCCCHHHHHHHHHHHHCCCC
14,6HM3_B,GYDSILVQATPRKSSSVITELPDTPIKMNS,LLLLEEELLLLLLLLLLLLLLLLLLLLLLL,CCCCEEECCCCCCCCCCCCCCCCCCCCCCC
15,6JK2_A,APVPVTKLVCDGDTYKCTAYLDFGDGRWVAQWDTNVFHTG,LLLLEEEEEEETTTTEEEEEESSTTTTLEEEEELLLLLLL,CCCCEEEEEEECCCCEEEEEECCCCCCCEEEEECCCCCCC
16,6R41_A,ALANTFLVKEDSKNVTAYTPFATPITDSKSDLVSLAQLDSSYQIADQTIHNTNLFVLFKSRDVKVKYESSGSNNISFDSTSQGEKPSYVVEFTNSTNIGIKWTMVKKYQLDVPNVSSDMNQVLKNLILEQPLTKYTLNSSLAKEKGKTQREVHLGSGQANQWTSQRNQHDLNNNPSPNASTGFKLTTGNAYRKLSESWPIYEPIDGTKQGKGKDSSGWSSTEENEAKNDAPSVSGGGSSSGTFNKYLNTKQALESIGILFDDQTPRNVITQLYYASTSKLAVTNNHIVVMGNSFLPSMWYWVVERSAQENASNKPTWFANTNLDWGEDKQKQFVENQLGYKETTSTNSHNFHSKSFTQPAYLISGIDSVNDQIIFSGFKAGSVGYDSSSSSSSSSSSTKDQALAWSTTTSLDSKTGYKDLVTNDTGLNGPINGSFSIQDTFSFVVPYSGNHTNNGTTGPIKTAYPVKKDQKSTVKINSLINATPLNSYGDEGIGVFDALGLNYNFKSNQERLPSRTDQIFVYGIVSPNELRSAKSSADSTGSDTKVNWSNTQSRYLPVPYNYSEGIIDADGFKRPENRGASVTTFSGLKSIAPDGFANSIANFSVGLKAGIDPNPVMSGKKANYGAVVLTRGGVVRLNFNPGNDSLLSTTDNNIAPISFSFTPFTAAESAVDLTTFKEVTYNQESGLWSYIFDSSLKPSHDGKQTPVTDNMGFSVITVSRTGIELNQDQATTTLDVAPSALAVQSGIQSTTQTLTGVLPLSEEFSAVIAKDSDQNKIDIYKNNNGLFEIDTQLSNSVATNNGGLAPSYTENRVDAWGKVEFADNSVLQARNLVDKTVDEIINTPEILNSFFRFTPAFEDQKATLVATKQSDTSLSVSPRIQFLDGNFYDLNSTIAGVPLNIGFPSRVFAGFAALPA,LLLLSEEEELSSSEEEEELTTSLBLTTLLEEHHHHTTLLTTEEEEEEEEETTEEEEEEEETTLLEEELSSSSLLEEELTTTTLLLLEEEEEEEELLSSSLLEEEEEEEEELLLLLLHHHHHHHTTLEEELLLLTTLLHHHHLBLBLLBHHHHHTLSSLTTSHHHHGGGGTLTTLLLTTLBLEEESSSSSLEELTTSLLLSEEESSTTTSLLTTLHHHHHHTHHHHHHHHSLLLLLLLLLLLLLSSEEELHHHHHHTTLLEETTEELLHHHHHHHHHSSEEEELSSEEEEELLSSSLBLEEEEEETTLLTTLEELEEEGGGEEELLSSHHHHHHHHHHHLLLLSSLSSLLLTTTTTLLLLLEEEEEEEEETTEEEEEEEELLEEEEELLLLLLLLLLTTTTEEELLLLLLLTTSLSSHHHHHTLLTTSSSLLLSLBLLTTSLBSSLSLLLLLLLLLLLSLLLLLLSSLGGGGTTLLEEEEELSSSLSLLBSSHHHHHHHHTLLBLLSTTLLBLLLSSSSEEEEEEELHHHHHHHHHHHHLLSSLLLEEELSEEEEELLLLGGGEELLLLLLLLLLLLLLLLLLLLTTTLEELLLSSLSLSSSLLEEEEEEEELLSLLLTTSLLLEEEEEEETTEEEEEEEETTTTEELLLSLSSSLLTTEEEEELLHHHHTSLGGGEEEEEEETTTTEEEEEEEGGGSLSBLTBLLBLLLLSLEEEEEEEEESLLTTSSGGGSSLSSLLEEEEEEEEEEESSLEEEEEELLLSSEEEEEEESSSSEEEEEEEEETTEEEELHHHHHHHHLLTTSSSLLLLTTSLBTTBEEEELLTTHHHHHTGGGSBHHHHHTLHHHHHTTEEEELSSTTLLEEEEEEEEETTEEEEEEEEELTTSLEELTTLEETTEELLLLLLLEEEELLBLLLL,CCCCCEEEECCCCEEEEECCCCCECCCCCEEHHHHCCCCCCEEEEEEEEECCEEEEEEEECCCCEEECCCCCCCEEECCCCCCCCCEEEEEEEECCCCCCCEEEEEEEEECCCCCCHHHHHHHCCCEEECCCCCCCCHHHHCECECCEHHHHHCCCCCCCCHHHHHHHHCCCCCCCCCCECEEECCCCCCEECCCCCCCCEEECCCCCCCCCCCHHHHHHCHHHHHHHHCCCCCCCCCCCCCCCCEEECHHHHHHCCCCEECCEECCHHHHHHHHHCCEEEECCCEEEEECCCCCCECEEEEEECCCCCCCEECEEEHHHEEECCCCHHHHHHHHHHHCCCCCCCCCCCCCCCCCCCCCCEEEEEEEEECCEEEEEEEECCEEEEECCCCCCCCCCCCCCEEECCCCCCCCCCCCCHHHHHCCCCCCCCCCCCCECCCCCCECCCCCCCCCCCCCCCCCCCCCCCCCHHHHCCCCEEEEECCCCCCCCECCHHHHHHHHCCCECCCCCCCECCCCCCCEEEEEEECHHHHHHHHHHHHCCCCCCCEEECCEEEEECCCCHHHEECCCCCCCCCCCCCCCCCCCCCCCCEECCCCCCCCCCCCCEEEEEEEECCCCCCCCCCCCEEEEEEECCEEEEEEEECCCCEECCCCCCCCCCCCEEEEECCHHHHCCCHHHEEEEEEECCCCEEEEEEEHHHCCCECCECCECCCCCCEEEEEEEEECCCCCCCHHHCCCCCCCEEEEEEEEEEECCCEEEEEECCCCCEEEEEEECCCCEEEEEEEEECCEEEECHHHHHHHHCCCCCCCCCCCCCCCECCEEEEECCCCHHHHHCHHHCEHHHHHCCHHHHHCCEEEECCCCCCCEEEEEEEEECCEEEEEEEEECCCCCEECCCCEECCEECCCCCCCEEEECCECCCC
17,6P0F_A,MENQLFIIGIGTGTDEYENFEETILKGVKRNELEGQIGPDILDNCCSDVCYFWGRSKETIYEKKIDKGDMVLFYVGKRISRNKVDLNQETAVYLGIICETVEISENDVSFLNDFWRKGENFRFLMFFKKKPEKLHHSINEINSKLGYNPDYFPIAGYVKPERMSGVYDILKNILKKRGILKESDS,LLSLEEEEEEETTSHHHHHHHHHTTTLEEGGGTTTTSLHHHHHHHLSSEEEEEEESSSEETTEELLTTLEEEEEEELEEETTEELTTSLLEEEEEEEEEEEELLGGGGGGGGGTSTTGGGLLEEEEESSLLEELSSLHHHHHHHHTSLTTBLLSEEEELHHHHHHHHHHHHHHHLLLLLLLLLLL,CCCCEEEEEEECCCHHHHHHHHHCCCCEEHHHCCCCCCHHHHHHHCCCEEEEEEECCCEECCEECCCCCEEEEEEECEEECCEECCCCCCEEEEEEEEEEEECCHHHHHHHHHCCCCHHHCCEEEEECCCCEECCCCHHHHHHHHCCCCCECCCEEEECHHHHHHHHHHHHHHHCCCCCCCCCCC
18,6IV9_A,MAKKNKMKPRELREAQKKARQLKAAEINNNAAPAIAAMPAAEVIAPVAEKKKSSVKAAGMKSILVSENKMYITSFGKGNSAVLEYEVDNNDYNKTQLSSKDNSNIELGDVNEVNITFSSKHGFGSGVEINTSNPTHRSGESSPVRGDMLGLKSELEKRFFGKTFDDNIHIQLIYNILDIEKILAVYVTNIVYALNNMLGIKDSESYDDFMGYLSARNTYEVFTHPDKSNLSDKVKGNIKKSLSKFNDLLKTKRLGYFGLEEPKTKDTRASEAYKKRVYHMLAIVGQIAQCVFHDKSGAKRFDLYSFINNIDPEYRDTLDYLVEERLKSINKDFIEGNKVNISLLIDMMKGYEADDIIRLYYDFIVLKSQKNLGFSIKKLREKMLEEYGFRFKDKQYDSVRSKMYKLMDFLLFCNYYRNDVAAGEALVRKLRFSMTDDEKEGIYADEAAKLWGKFRNDFENIADHMNGDVIKELGKADMDFDEKILDSEKKNASDLLYFSKMIYMLTYFLDGKEINDLLTTLISKFDNIKEFLKIMKSSAVDVECELTAGYKLFNDSQRITNELFIVKNIASMRKPAASAKLTMFRDALTILGIDDNITDDRISEILKLKEKGKGIHGLRNFITNNVIESSRFVYLIKYANAQKIREVAKNEKVVMFVLGGIPDTQIERYYKSCVEFPDMNSSLEAKRSELARMIKNISFDDFKNVKQQAKGRENVAKERAKAVIGLYLTVMYLLVKNLVNVNARYVIAIHCLERDFGLYKEIIPELASKNLKNDYRILSQTLCELCDDRNESSNLFLKKNKRLRKCVEVDINNADSSMTRKYANCIAHLTVVRELKEYIGDIRTVDSYFSIYHYVMQRCITKRGDDTKQEEKIKYEDDLLKNHGYTKDFVKALNSPFGYNIPRFKNLSIEQLFDRNEYLTEKLEHHHHHH,LLLLLLLLLLLLLLLLLLLLLLLLLLLLLLLLLLLLLLLLLLLLLLLLLLLLLHHHHHTEEEEEEBSSEEEEEEELSTTLEEEEEEEETTTLLEEELSLTTTLLEEEEEELSSEEEEEESSLGGGGLLEEEELTTLLTTLLSSSLLLTTSLHHHHHHHHHSSLLSBSHHHHHHHHHHHHHHHHHHHHHHHHHHHHHHTLLLSLSLLTTTGGGLLTTSLHHHHHLSTTSSSLHHHHHHHHHHHHHHHHHHHHLGGGGGTLLLLSSLLHHHHHHHHHHHHHHHHHHHHHHHHHSLLTTSLLLSLTTTHHHHSLHHHHHHHHHHHHHHHHHHHTTHHHHTHHHHHHHHHHLTTSLHHHHHHHHHHHHHTLGGGGSSSLHHHHHHHHHHHTLGGGGSGGGGGGHHHHHHHHHHHHHHHHHTTLHHHHHHHHHHHHHLLSHHHHHHHHHHHHHHHHHHHHHHHHHHHHHLSHHHHHHHHHSLLLLLGGGGTTTLLLGGGSLHHHHHHHHHGGGLLHHHHHHHHHHHHHHHHHHHHHHHHHTSTTTLLLLLLLGGGGGGGGHHHHHHHHHHHHHHHTSLLLLLLLLHHHHHHHHHHHLLLTTLLHHHHHHHHTTTLLLSSLLHHHHHHHHHTTTLHHHHHHHHHSLHHHHHHHTTLHHHHHHHHHHSLHHHHHHHHHHHLSSLLTTSLHHHHHHHHHHHHHHLLGGGGTTLLTTLLTTHHHHHHHHHHHHHHHHHHHHHHHHHHHHHHHHHHHHHHHHHHHHHHHHTTLGGGTTLLGGGLTTHHHHHHHHHHHHLSLLSLHHHHHLHHHHHHHHHHHHHLLHHHHHHHHHHHHTTHHHHTHHHHGGGLSLLLLHHHHHHHHHHHHHHLLLSSSLLLLLLTTHHHHHHHSSLLHHHHHHHTGGGTTSHHHHHHHHLHHHHLTTSLTTTLLLLLLLLL,CCCCCCCCCCCCCCCCCCCCCCCCCCCCCCCCCCCCCCCCCCCCCCCCCCCCCHHHHHCEEEEEEECCEEEEEEECCCCCEEEEEEEECCCCCEEECCCCCCCCEEEEEECCCEEEEEECCCHHHHCCEEEECCCCCCCCCCCCCCCCCCCHHHHHHHHHCCCCCECHHHHHHHHHHHHHHHHHHHHHHHHHHHHHHCCCCCCCCCCCCHHHCCCCCCHHHHHCCCCCCCCHHHHHHHHHHHHHHHHHHHHCHHHHHCCCCCCCCCHHHHHHHHHHHHHHHHHHHHHHHHHCCCCCCCCCCCCCCHHHHCCHHHHHHHHHHHHHHHHHHHCCHHHHCHHHHHHHHHHCCCCCHHHHHHHHHHHHHCCHHHHCCCCHHHHHHHHHHHCCHHHHCHHHHHHHHHHHHHHHHHHHHHHHCCCHHHHHHHHHHHHHCCCHHHHHHHHHHHHHHHHHHHHHHHHHHHHHCCHHHHHHHHHCCCCCCHHHHCCCCCCHHHCCHHHHHHHHHHHHCCHHHHHHHHHHHHHHHHHHHHHHHHHCCCCCCCCCCCCHHHHHHHHHHHHHHHHHHHHHHHCCCCCCCCCCHHHHHHHHHHHCCCCCCCHHHHHHHHCCCCCCCCCCHHHHHHHHHCCCCHHHHHHHHHCCHHHHHHHCCCHHHHHHHHHHCCHHHHHHHHHHHCCCCCCCCCHHHHHHHHHHHHHHCCHHHHCCCCCCCCCCHHHHHHHHHHHHHHHHHHHHHHHHHHHHHHHHHHHHHHHHHHHHHHHHCCCHHHCCCCHHHCCCHHHHHHHHHHHHCCCCCCHHHHHCHHHHHHHHHHHHHCCHHHHHHHHHHHHCCHHHHCHHHHHHHCCCCCCHHHHHHHHHHHHHHCCCCCCCCCCCCCCHHHHHHHCCCCHHHHHHHCHHHCCCHHHHHHHHCHHHHCCCCCCCCCCCCCCCCC
19,6CB7_A,HMDKLRVLYDEFVTISKDNLERETGLSASDVDMDFDLNIFMTLVPVLAAAVCAITPTIEDDKIVTMMKYCSYQSFSFWFLKSGAVVKSVYNKLDYVKKEKFVATFRDMLLNVQTLISLNSMY,LLHHHHHHHHHHHHHHHHHHHHHHLLLLLLLLHHHHHHHHHHHHHHHHHHTLLLLTTLLHHHHHHHHHTLBGGGSGGGTTTLLLBHHHHHHHSLHHHHHHHHHHHHHHHHHHHTTLLLLLLL,CCHHHHHHHHHHHHHHHHHHHHHHCCCCCCCCHHHHHHHHHHHHHHHHHHCCCCCCCCCHHHHHHHHHCCEHHHCHHHCCCCCCEHHHHHHHCCHHHHHHHHHHHHHHHHHHHCCCCCCCCC
20,6T5A_D,MISGWGARPEEQYEMIRAAVPPSEAEPRLQEALVVVNALLPAPITLDDALGSLDDTRRLVKARALARTYHACMVNLERLARHHPGLEAPTIDGAVAAHQDKMRRLADTCMATILQMYMSVGAADKSADVLVSQAIR,LLLLLLLLLLLLLLLLLLLLLTTTSLLEEEEEEEEEEESSLTTLLHHHHHHHHHHHHHHHHTHHHHHHHHHHHHHHHHHHHHLLLLLLLLLLLHHHHHHHHHHHHHHHHHHHHHHHHLLLLLLLLLLLLLLLLLLL,CCCCCCCCCCCCCCCCCCCCCCCCCCCEEEEEEEEEEECCCCCCCHHHHHHHHHHHHHHHHCHHHHHHHHHHHHHHHHHHHHCCCCCCCCCCCHHHHHHHHHHHHHHHHHHHHHHHHCCCCCCCCCCCCCCCCCCC
21,6L6G_B,NSDNNTDGLIFSPLPQNKNTVVRHYSNEQEMPNLSQMAQRTIDFPTQIVRVSGNLTGLELSCDDVENEIDQVFSKKISPNLFTYNTYVSCGYDVNDPEQHAINFSIQSYFDPLTDNAVDYLKSYLKEYNGYNLFNTTTLQIENAKGIIVSMNLNAGLKSNPDKTPFTLYRQDRNNFYFKSNFDVRKELISDIYQRFYSNDPDMILPFFDKWIFSYAGSVYYSILMASNYLELQPERIFVMENEGDIFVSDLRYYFANLCMKRNPNKHCL,LLLLLLLEEEELLLLLLSSEEEEEEELTTSLLLHHHHTTLLSLLLLEEEEEEEELTTSLLLHHHHHHHHHHHTGGGSLTTTEEEEEEEEEEELTTSTTLLEEEEEEEEEEEELSHHHHHHHHHHHHHHTTLEETTTEELLEEELLEEEEEEEEEEEELSLTTSSLEEEEEEEEEEEEESLHHHHHHHHHHHHHHHTTLLLHHHHHHHHHHHTLTTHHHHHHHHHHHLSEEEEEEEEEEELSSTTLEELLSLLEEEEEEHHHHSTTSSLL,CCCCCCCEEEECCCCCCCCEEEEEEECCCCCCCHHHHCCCCCCCCCEEEEEEEECCCCCCCHHHHHHHHHHHCHHHCCCCCEEEEEEEEEEECCCCCCCCEEEEEEEEEEEECCHHHHHHHHHHHHHHCCCEECCCEECCEEECCEEEEEEEEEEEECCCCCCCCEEEEEEEEEEEEECCHHHHHHHHHHHHHHHCCCCCHHHHHHHHHHHCCCCHHHHHHHHHHHCCEEEEEEEEEEECCCCCCEECCCCCEEEEEEHHHHCCCCCCC
22,6J7B_B,MDPPARKEKTKVKESVSRVEKAKQKSAQQELKQRQRAEIYALNRVMTELEQQ,LLLLLLLLLLLLLLLLLLLLHHHHHHHHHHHHHHHHHHHHHHHHHHHHHHHL,CCCCCCCCCCCCCCCCCCCCHHHHHHHHHHHHHHHHHHHHHHHHHHHHHHHC
23,6C0Y_H,SGMKSAKEPTIYQDVDIIRRIQELMVLCSLLPPDGKLREALELALALHEEPALARITPLTNLHPFATKAWLETLWLGEGVSSEEKELVAWQNKSENMGPAIRELKNAEQQSGITLVARLTS,LLLLLLLLLLLLLLHHHHHHHHHHHHHHHHSLTTSHHHHHHHHHHHSLSHHHHTTLLLLLLLSHHHHHHHHHHHHSSTTLLHHHHHHHHHTTLHHHHHHHHHHHHHHHHHHLEEEEEEELL,CCCCCCCCCCCCCCHHHHHHHHHHHHHHHHCCCCCHHHHHHHHHHHCCCHHHHCCCCCCCCCCHHHHHHHHHHHHCCCCCCHHHHHHHHHCCCHHHHHHHHHHHHHHHHHHCEEEEEEECC
24,6QBY_B,MMDPPARKEKTKVKESVSRVEKAKQKSAQQELKQRQRAEIYALNRVMTELEQQQFDEFCKQMQPPGEKHHHHHH,LLLLLLLLLLLLLLLLLLLLLLLLLLLHHHHHHHHHHHHHHHHHHHHHHHHHHLLLLLLLLLLLLLLLLLLLLL,CCCCCCCCCCCCCCCCCCCCCCCCCCCHHHHHHHHHHHHHHHHHHHHHHHHHHCCCCCCCCCCCCCCCCCCCCC
25,6DXO_D,MIANVSAHRRANAFAQALEDRESEGAAAEQTETTAEPAEQGKLLALASGLGDLPKPQLDPEVKVVQRAQLVAAMEAMLMEGSAAAAPTVPE,LLHHHHHHHHHHHHHHHHHHLLLLLLLLLLLLLLLLLLLLHHHHHHHHHHHTSLLLLLLHHHHHHHHHHHHHHHHHHHLLLLLLLLLLLLL,CCHHHHHHHHHHHHHHHHHHCCCCCCCCCCCCCCCCCCCCHHHHHHHHHHHCCCCCCCCHHHHHHHHHHHHHHHHHHHCCCCCCCCCCCCC
26,6F5X_A,GSMGLSRVYSKLYKEAEKIKKWKVSTEAELRQKESKLQENRKIIEAQRKAIQELQFGNEKVSLKLEEGIQENKDLIKE,LTTHHHHHHHHHHHHHHHHHHHHHHHHHHHHHHHHHHHHHHHHHHHHHHHHHHHHHHHHHHHHHHHHHHHHHHTTLLL,CCCHHHHHHHHHHHHHHHHHHHHHHHHHHHHHHHHHHHHHHHHHHHHHHHHHHHHHHHHHHHHHHHHHHHHHHCCCCC
27,6JJW_U,GPGSSHRHSAIIVPSYRPTPDYETVMRQMKRG,LLLLLLLLLLLLLLLLLLLLLHHHHHHHTLLL,CCCCCCCCCCCCCCCCCCCCCHHHHHHHCCCC
28,6J0Y_C,GPLGSGSSIRVKLLQESVVKLNPKLVKHNFYRVEANDSEEEETEFDDQFCIADIQLVD,LLLLTTLEEEEEEEHHHHTTBLTTSLEEEEEELBSLLLLSTTSLTTLLEEEEEEELLL,CCCCCCCEEEEEEEHHHHCCECCCCCEEEEEECECCCCCCCCCCCCCCEEEEEEECCC
29,6J4P_B,MDPPARKEKTKVKESVSRVEKAKQKSAQQELKQRQRAEIYALNRVMTELEQQQFDEFCKQMQPPGE,LLLLLLLLLLLLLLLLLLHHHHHSLLHHHHHHHHHHHHHHHHHHHHHHHHHHHHHHHHHLLLLLLL,CCCCCCCCCCCCCCCCCCHHHHHCCCHHHHHHHHHHHHHHHHHHHHHHHHHHHHHHHHHCCCCCCC
30,6U07_A,HHHHHHHHGSPYIQNPDPAVYQLRDSKSSDKFVCLFTDFDSQINVSQSKDSDVYITDKCVLDMRSMDFKSNSAVAWSNKSDFTCANAFNNSIIPEDTFFPSPESSC,LLLLLLLLLLLLLLLLLLEEEEEEESSLTTLEEEEEESLLTTLLLLLLSSTTEEELLLEEEEEGGGTEEEEEEEEEESLTTLLHHHHTTTSLLLTTLBLLLLLLLL,CCCCCCCCCCCCCCCCCCEEEEEEECCCCCCEEEEEECCCCCCCCCCCCCCCEEECCCEEEEEHHHCEEEEEEEEEECCCCCCHHHHCCCCCCCCCCECCCCCCCC
31,6OCF_B,RVEKAKQKSAQQELKQRQRAEIYALNRVMTELEQQQFDEFCKQMQPPGE,LTHHHHHHHHHHHHHHHHHHHHHHHHHHHHHHHHHHHHHHHHHHLLLLL,CCHHHHHHHHHHHHHHHHHHHHHHHHHHHHHHHHHHHHHHHHHHCCCCC
32,6FC1_D,GPHMTDPITNYKPMDLQYKTYAYSMNELYHLKPSLASASYEEDPLISELVRSLPKRKFWRLRMG,LLLTTLGGGGLLLLSLSSLSLLLLHHHHHHTLLLLLLLLLLLLHHHHHHHHTSLLGGGGLLLLL,CCCCCCHHHHCCCCCCCCCCCCCCHHHHHHCCCCCCCCCCCCCHHHHHHHHCCCCHHHHCCCCC
33,6NQW_A,GSAKDQVDELLKGELVPENDDAELTEDQKKKKKEIMEQESLWKNPDFKGYNKTFQELHQLSKTFANNQFRLALSNYQSGVNTIMKNRDWVEQYRKEEAEKKRLDEKWYWQKVDRKAREERVVYREKMKAKQDALNYFSKAINHLDEIKNPDLRERPEFKRLLSDVYRSWIMAEYDLQNLPQTIPILELYIEIDDNEKEYPAHKYLASAYSFEENMIKKTKGPDDMLFKYRYKKNVHLLRATELKYGKDSPEYKHIVNVINRDEVISVAQ,LLLLLLLLLLLLLLLLLLLLLLLLLHHHHHHHHHHHHHHHHTSLLLHHHHHHHHHHHHHHHHHHLLHHHHHHHHHHHHHHHHHHHHHHHHHHHHHHHHTLLLSSLLSHHHHHHHHHHHHHHHHHHHHHHHHHHHHHHHHHHHHHHTLLLHHHHTSHHHHHHHHHHHHHHHHHHHHTTLHHHHHHHHHHHHHSTTGGGLHHHHHHHHHHHHHHHHHHHHHTLLHHHHHHHHHHHHHHHHHHHHHHHLTTSHHHHHHHHHHLLLLLLLLLL,CCCCCCCCCCCCCCCCCCCCCCCCCHHHHHHHHHHHHHHHHCCCCCHHHHHHHHHHHHHHHHHHCCHHHHHHHHHHHHHHHHHHHHHHHHHHHHHHHHCCCCCCCCCHHHHHHHHHHHHHHHHHHHHHHHHHHHHHHHHHHHHHHCCCCHHHHCCHHHHHHHHHHHHHHHHHHHHCCCHHHHHHHHHHHHHCCCHHHCHHHHHHHHHHHHHHHHHHHHHCCCHHHHHHHHHHHHHHHHHHHHHHHCCCCHHHHHHHHHHCCCCCCCCCC
34,6OQQ_A,MFGFIKKVLDFFGVDQSEDNPSETAVETTDVSTKIKTTDTTQEESSVKTKTVVPTQPGGSVKPETIAPDQQKKHQIKTETTTSTTKQKGPKVTLMDGHVKQYYFARRGETSTHDTSLPPPVKVLSGRSIPLKEIPFEATRNELVQIYLTSIDKLIKSNKLNSIPSQQIASHYLFLRSLANSETDGIKKNQILSLAKPLGTYLASKEPHVWKMINELIEKSEYPIIHYLKNNRAHSNFMLALIHEYHKEPLTKNQSAFVQKFRDSSVFLFPNPIYTAWLAHSYDEDSSFNPMFRERLSTNFYHSTLTDNLLLRTEPKEVTLSSEHHYKKEKGPIDSSFRYQMSSDRLLRIQGRTLLFSTPQNDVVAVKVQKKGEPKSTLEEEFEMADYLLKHQRRLDVHSKLPQPLGQYSVKKSEILEISRGSLDFERFKTLIDDSKDLEVYVYKAPQSYFTYLHDKNQDLEDLTASVKTNVHDLFVLLREGIVFPQLADIFHTHFGEDEREDKGRYQALVQLLNVLQFQLGRIDKWQKAVEYVNLRSSGLADLGDSLPITSLFTSSDFTKHYFSELLTGGYHPTFFDKSSGTANSLFTGKRRLFGNYLYLNTIAEYLLVIQLTLGSYGDKVTRDMMDKPKKEAVWRELANVMFTSCAEAIHIMTGIPQSRALTLLKQRANIEKHFRQTQFWMTPDYSKLDEDTLQMEQYSIYSGEPEYEFTDKLVSGVGLSVDGVHQDLGGYNRESPLRELEKLLYATVTLIEGTMQLDKEFFKQLEQVEKILSGEIKTDANSCFEAVAQLLDLARPGCHFQKRLVLSYYEEAKLKYPSAPTDAYDSRFQVVARTNAAITIQRFWREARKNLSEKSDIDSEKPESERTTDKRL,LLLLLLLLLLLLLLLLLLLLLLLLLLLLLLLLLLLLLLLLLLLLLLLLLLLLLLLLLLLLLLLLLLLLLLLLLLLLLLLLLLLLLLLLLLLLLLLLLLLLLLLSEEEEELSLSLSSLLLSEEEETTEEEEEEELLHHHHHHHHHHHHHHHHHHHHHHTGGGGSLHHHHHHHHHHHHHHHHHLLLHHHHHHHHHHHHHHHHHHHHHSHHHHHHHHHHHTTLSSHHHHHTSSGGGGSLHHHHHHHHHLLSLLLHHHHHHHHHTTTLGGGGSLHHHHHHHHHHTTSTTLLLLSEEEETTEEEELHHHHHHHHHTTSLLEEEEELTTSTTTSLLLLLLLLLLLLLLTTTEEEEETTEEEEELTTSSEEEEEELBTTLLHHHHHHHHHHHHHHHHTHHHHTLLSLLLEEEEEEEEEHHHHHHHHTTSTTHHHHHHHBLSSSEEEEEEEEELGGGGSBTTLTTSLHHHHHHHHHHHHHHHHHHHHTTEELTTSSLLBSLSTTGGGSTTTTBLLTTHHHHSTTLLSLBLBBTHHHHTTTLSEETTEELLTTSLEEGGGGTTTLHHHHHHLHHHHHLLLLGGGEETTTTEEEESGGGGGGTHHHHHHHHHHHHHHHHHHHHHHHHHHHHHHTLLLHHHHHHHHHHHHHHHHHHHHHHHHHHHLLLHHHHHHHHHHHSLHHHHHHHHHHHSSSGGGGLLHHHHHHHHHHHHTTSLLLLLLLLLBTTTBSLSSSSSLLBSLTTSBLSLHHHHHHHHHHHHHHHHHHHHHHHHHHHHHHHHHHHHSSSLLLHHHHHHHHHHHHHTSLTTLHHHHHHHHHHHHHHHHHSTTSLLTTTHHHHHHHHHHHHHHHHHHHHLLLLLLLLLLLLLLLLLLLLLLLLLLLL,CCCCCCCCCCCCCCCCCCCCCCCCCCCCCCCCCCCCCCCCCCCCCCCCCCCCCCCCCCCCCCCCCCCCCCCCCCCCCCCCCCCCCCCCCCCCCCCCCCCCCCCCEEEEECCCCCCCCCCCEEEECCEEEEEEECCHHHHHHHHHHHHHHHHHHHHHHCHHHHCCHHHHHHHHHHHHHHHHHCCCHHHHHHHHHHHHHHHHHHHHHCHHHHHHHHHHHCCCCCHHHHHCCCHHHHCCHHHHHHHHHCCCCCCHHHHHHHHHCCCCHHHHCCHHHHHHHHHHCCCCCCCCCCEEEECCEEEECHHHHHHHHHCCCCCEEEEECCCCCCCCCCCCCCCCCCCCCCCCCEEEEECCEEEEECCCCCEEEEEECECCCCHHHHHHHHHHHHHHHHCHHHHCCCCCCCEEEEEEEEEHHHHHHHHCCCCCHHHHHHHECCCCEEEEEEEEECHHHHCECCCCCCCHHHHHHHHHHHHHHHHHHHHCCEECCCCCCCECCCCCHHHCCCCCECCCCHHHHCCCCCCCECEECHHHHCCCCCEECCEECCCCCCEEHHHHCCCCHHHHHHCHHHHHCCCCHHHEECCCCEEEECHHHHHHCHHHHHHHHHHHHHHHHHHHHHHHHHHHHHHCCCCHHHHHHHHHHHHHHHHHHHHHHHHHHHCCCHHHHHHHHHHHCCHHHHHHHHHHHCCCHHHHCCHHHHHHHHHHHHCCCCCCCCCCCCECCCECCCCCCCCCECCCCCECCCHHHHHHHHHHHHHHHHHHHHHHHHHHHHHHHHHHHHCCCCCCHHHHHHHHHHHHHCCCCCCHHHHHHHHHHHHHHHHHCCCCCCCCCHHHHHHHHHHHHHHHHHHHHCCCCCCCCCCCCCCCCCCCCCCCCCCCC
35,5ZT3_A,AHMQEAANRSPPYAPYPYPVDEIIGGDSVQSIQRRLLGTNWNPSAHDMQMSRIQAEDLFELKVEIIRKMAGLHPSGDWMGWGARALDNPRTATGEEDLARLHQMLDDLQSRNEQSATFWRLVERVRLRAD,LLLLLLLLLLLLLLLLLSLTTLLBTTBLHHHHHHHHHTTLSSLLHHHHHHHHHHHHHHHHHHHHHHHHHHHHLTTBLHHHHGGGGGLLTTSSSSLLLHHHHHHHHHHHHHHGGGSHHHHHHHHHSLBLLL,CCCCCCCCCCCCCCCCCCCCCCCECCECHHHHHHHHHCCCCCCCHHHHHHHHHHHHHHHHHHHHHHHHHHHHCCCECHHHHHHHHHCCCCCCCCCCCHHHHHHHHHHHHHHHHHCHHHHHHHHHCCECCC
36,6JLE_E,GSDNKDSKATSEREACGLAIFSKQISKLSEEYFILQKKLNEMILSQQLKS,LLLTTLHHHHHHHHHHHHHHHHHHHHHHHHHHHHHHHHTLSLLLGGGLBL,CCCCCCHHHHHHHHHHHHHHHHHHHHHHHHHHHHHHHHCCCCCCHHHCEC
37,6PX4_A,MNVDPHFDKFMESGIRHVYMLFENKSVESSEQFYSFMRTTYKNDPCSSDFECIERGAEMAQSYARIMNIKLETE,LLBLHHHHHHHHHHHHHTGGGBSSLLHHHHHHHHHHHHHHHHHSLLLSHHHHHHHHHHHHHHHHHHTTLLBLLL,CCECHHHHHHHHHHHHHCHHHECCCCHHHHHHHHHHHHHHHHHCCCCCHHHHHHHHHHHHHHHHHHCCCCECCC
38,6K07_B,MGSKLPLRPKRSPPVISEEAAEDVKQYLTI,LLLLLLEEESSLLLLLLHHHHHHHHHHLLL,CCCCCCEEECCCCCCCCHHHHHHHHHHCCC
39,6KBB_F,GSMPEVETKIIPNEKEDEDEDGYIEEEDEDFQPEKDKLGGGSDDSDASDGGDDYDDGVNRDKGRNKVDYSRIESESGGLIK,LLLLLLLLLLLLLLLLLHHHHSLLGGGSLBLLLLLLLLLLLLLLLLLLLLLLLLLLLLLLLLLLLLLLLLLLLLLLLLLLL,CCCCCCCCCCCCCCCCCHHHHCCCHHHCCECCCCCCCCCCCCCCCCCCCCCCCCCCCCCCCCCCCCCCCCCCCCCCCCCCC
40,6J9L_B,SMASKNNIFNKYPTIIHGEARGENDEFVVHTRYPRFLARKSFDDNFTGEMPAKPVNGELGQIGEPRRLAYDSRLGLWLSDFIMLDNNKPKNMEDWLGQLKAACDRIAADDLMLNEDAADLEGWDD,LLLLLHHHHTTSLSEEEEELTTLSSEEEEELSSSLEEEEEEELTTLLLLLLSSLLLLEEEELSSSLLEEEELSSSEEEEEEEELLLSLLSLHHHHHHHHHHHHHHHHHHHHHHTLLLLLLLLLLL,CCCCCHHHHCCCCCEEEEECCCCCCEEEEECCCCCEEEEEEECCCCCCCCCCCCCCCEEEECCCCCCEEEECCCCEEEEEEEECCCCCCCCHHHHHHHHHHHHHHHHHHHHHHCCCCCCCCCCCC
41,6OX6_B,MAIEKGEAFARRDIYIDYDFEDVTYRWDHRQGTIHVRFYGEAESPEPVEHDNRLFNDALRFGREITREEYETGFPKG,LLLLSSHHHHHSLEEEEEGGGTEEEEEETTTTEEEEEETTSLLLSSLBLTTLHHHHHHHHHLEEELHHHHHHLLLLL,CCCCCCHHHHHCCEEEEEHHHCEEEEEECCCCEEEEEECCCCCCCCCECCCCHHHHHHHHHCEEECHHHHHHCCCCC
42,6EYX_B,MKINDDIKELILEYMSRYFKFENDFYKLPGIKFTDANWQKFKNGGTDIEKMGAARVNAMLDCLFDDFELAMIGKAQTNYYNDNSLKMNMPFYTYYDMFKKQQLLKWLKNNRDDVIGGTGRMYTASGNYIANAYLEVALESSSLGSGSYMLQMRFKDYSKGQEPIPSGRQNRLEWIENNLENIRLE,LLLSHHHHHHHHHHHHHHLSSTHHHHTSTTTLLLHHHHHHHHTTLSLTTTSBHHHHHHHHHHHSLHHHHHHHHHHHHHHHTLHHHHHHSLHHHHHHHHHHHHHHHHHHHSGGGEEEEEEEEELTTSLEEEEEEEEEEEGGGEEETTEESSEEEELBLLLLLLLLLLSHHHHHHHHHHLTTTBLLL,CCCCHHHHHHHHHHHHHHCCCCHHHHCCCCCCCCHHHHHHHHCCCCCCCCCEHHHHHHHHHHHCCHHHHHHHHHHHHHHHCCHHHHHHCCHHHHHHHHHHHHHHHHHHHCHHHEEEEEEEEECCCCCEEEEEEEEEEEHHHEEECCEECCEEEECECCCCCCCCCCCHHHHHHHHHHCCCCECCC
43,6B7L_A,MEKAANSIAKRVPLALPEAGLYQANLMSRDGDKATPRMIKDLDGLALVYPKGETVQHWGVWVDHQVGKVETNSQWLGQADQKADKDGIYPVQLIRNSERLGTSTALSSVTNDHNLITFQDQPVIDLQGKEIKRWVFDFTRTGTKFSDNSPIYSGFSGHVAVTALTTKAVTTASWSATDSDGFSSEMVGKVDTTNNGGKLTVAIEFPAAGCTLVGEGSATAGLSKLTMTGFGKCNFKQSAAATPIENLWNAALARAMDNRVAYVTTFTADAKKEALVIGFPDTNGLLITADKRLEHHHHHH,LHHHHHHHHTTSLLLLLLSEEEEEEEEELSSTTSLLEEEEEEEEEEEELLLLSSEEEEEEEEEEEETTEEEEEEEEEEEELSLLTTSLLLEEEEEEEEEESSSEEEEEEEELLSLLEEEEEEEELTTSLEEEEEEEELGGGLSBLTTSLBSSTTLLSEEEEEELLEELLLSEEEELSLLLLLTTSSLLEEEEEEETTEEEEEEEETTTTEEEEEEEELLSSLEEEEEELGGGLLLLLLSSSLHHHHHHHHHHHTLLTTEEEEEEEEELTTSLEEEEEELTTSTTLEEEEEELLLLLLLLL,CHHHHHHHHCCCCCCCCCCEEEEEEEEECCCCCCCCEEEEEEEEEEEECCCCCCEEEEEEEEEEEECCEEEEEEEEEEEECCCCCCCCCCEEEEEEEEEECCCEEEEEEEECCCCCEEEEEEEECCCCCEEEEEEEECHHHCCECCCCCECCCCCCCEEEEEECCEECCCCEEEECCCCCCCCCCCCCEEEEEEECCEEEEEEEECCCCEEEEEEEECCCCCEEEEEECHHHCCCCCCCCCCHHHHHHHHHHHCCCCCEEEEEEEEECCCCCEEEEEECCCCCCCEEEEEECCCCCCCCC
44,6N1L_A,GSTGSSNRYQSYLEGVKYNVDSAIQTITKIYNTYTLFSTKLTQMYSTRLDNFAKAKAKEEAAKFTKEDLEKNFKTLLNYIQVSVKTAANFVYINDTHAKRKLENIEAEIKTLIAKIKEQSNLYEAYKAIVTSILLMRDSLKEVQGIID,LLLLLLLLHHHHHHHHHHHHHHHHHHHHHHHHHHHHHHHHHHHHTLSSSLHHHHHHHHHHHTTLLHHHHHHHHHHHHHHHHHHHHHHTTLLSHHHHHHHHHHHHHHHHHHHHHHHHHTLSSHHHHHHHHHHHHHHHHHHHHHHHHHHL,CCCCCCCCHHHHHHHHHHHHHHHHHHHHHHHHHHHHHHHHHHHHCCCCCCHHHHHHHHHHHCCCCHHHHHHHHHHHHHHHHHHHHHHCCCCCHHHHHHHHHHHHHHHHHHHHHHHHHCCCCHHHHHHHHHHHHHHHHHHHHHHHHHHC
45,6ORJ_A,MDEAVSLLSNMQDSEIQTSEFRLWSIGRATENKPRNSFTLMVLPIESATATDGETTFNPVEEVVDGVDADGRAYTTKVSVSRDIPCIWLPNEDNRATPPDVMRGEKIAIYRLGDTSQFYWRSMGLSNDLRTLESVVYTFNASLSPGGAGKNFDTCYFMQFSAHDKHVTIGTSKANGEPYRYSVQINTGTGAVYILDDIGNRFELVSKDKRLMLMNADNSFVKVEKKAIDLNADQYIKLTSGGSTLELNPTEFKVNTTNTTIKSSGTHIQEAGGTMTHKAGGNMLFTAPRYDFT,LLLLLLLLLLLLLLLLLLLSEEEEEEEEELSLLLTTLLLEEEEELSLLLLLLLLLLLLLLLLLLLLLLLLLLLLLLLLLLLLLEEEEELLSSTTBLSLLLLLTTLEEEEEEETTSSLEEEEELSSLGGGLLSLEEEEEEELLSSSLLLLLLLTTEEEEEEETTTTEEEEELLLSSSLSLLEEEEEETTTTEEEEEESSSLEEEEETTTTEEEEELTTSLEEEEETTEEEEELSSLEEEEETTEEEEEETTEEEEELSLLLLLLSSLLLLLLSSLLLLLLSSLLLLLLSLLLLL,CCCCCCCCCCCCCCCCCCCCEEEEEEEEECCCCCCCCCCEEEEECCCCCCCCCCCCCCCCCCCCCCCCCCCCCCCCCCCCCCCEEEEECCCCCCECCCCCCCCCCEEEEEEECCCCCEEEEECCCCHHHCCCCEEEEEEECCCCCCCCCCCCCCEEEEEEECCCCEEEEECCCCCCCCCCEEEEEECCCCEEEEEECCCCEEEEECCCCEEEEECCCCCEEEEECCEEEEECCCCEEEEECCEEEEEECCEEEEECCCCCCCCCCCCCCCCCCCCCCCCCCCCCCCCCCCCCC
46,5LOS_A,GPGSAPLPNPPMTPAQHYAQAIHHEGLARHHTTVAEDHRQTANLHDNRIKAAKARYNAGLDPNGLTSAQKHQIERDHHLSLAAQAERHAATHNREAAYHRLHSQTPAPGTKRSIDELD,LLLLLLLLLLLLLLLHHHHHHHHHHHHHHHHHHHHHHHHHHHHHHHHHHHHHHHHHHTTSLTTHHHHHHHHHHHHHHHHHHHHHHHHHHHHHHHHHHHHHHTLLLLLLLLLLLLLLLL,CCCCCCCCCCCCCCCHHHHHHHHHHHHHHHHHHHHHHHHHHHHHHHHHHHHHHHHHHCCCCCCHHHHHHHHHHHHHHHHHHHHHHHHHHHHHHHHHHHHHHCCCCCCCCCCCCCCCCC
47,6OZX_A,MHHHHHHHHPDLGTGSENLYFQGAMADDAIPHTDVLNSTAQGQLKSIIERVERLEVEKAEIMEQIKEVYAEAKGNGFDVKVLKKVVRIRKQDRAKRQEEDAILDLYLSAIGEI,LLLLLLLLLLLLLLLLLLLLLLLLLLLLLLLLLLLLLHHHHHHHHHHHHHHHHHHHHHHHHHHHHHHHHHHHHHTTLLHHHHHHHHHHTTSLHHHHHHHHHHHHHHHHHTTLL,CCCCCCCCCCCCCCCCCCCCCCCCCCCCCCCCCCCCCHHHHHHHHHHHHHHHHHHHHHHHHHHHHHHHHHHHHHCCCCHHHHHHHHHHCCCCHHHHHHHHHHHHHHHHHCCCC
48,6UTC_A,MAHHHHHHTNPSESKFRLLENVNGVEVLTPLNHPPLQAWMPSIRQCVNKYAETHTGDSAPVKVIATGGQGNQLILNYIHTLPHSNENVTLRIFSEQNDLGSICK,LLLLLLLLLLLLLLLEEEEEEETTEEEEEETTLLLLGGGHHHHHHHHHHHHHTLLGGGSLSEEEEEELSSSEEEEEEELLGGGGGGLEEEEEESSLLLHHHHLL,CCCCCCCCCCCCCCCEEEEEEECCEEEEEECCCCCCHHHHHHHHHHHHHHHHCCCHHHCCCEEEEEECCCCEEEEEEECCHHHHHHCEEEEEECCCCCHHHHCC
49,6RM9_C,GPMVDDFGENLLRSFGWDGKMRGKVKEVKRYANLAGLGARNVKEAED,LLLHHHHHHHHHHHTTLLSLLLSLLLLLLLLLTTLLTTLLLLLLLLL,CCCHHHHHHHHHHHCCCCCCCCCCCCCCCCCCCCCCCCCCCCCCCCC
50,6DGA_A,MKDDLDNNLLYRYCGATSPFWRLPLDSNALQLAASEEAVTSHVVPLTPEQAAQIRTMSVITSSVTLSLSLFGELVPVHLVGRKVSRKEWAGTASA,LLLTTSLLHHHHHHSLSSLEEEEESSLLEEEEESSTTLLLLEEEELLHHHHHHHTTLLSSLEEEEEEEEETTEEEEEEEEEEEEETTEEEEEEEL,CCCCCCCCHHHHHHCCCCCEEEEECCCCEEEEECCCCCCCCEEEECCHHHHHHHCCCCCCCEEEEEEEEECCEEEEEEEEEEEEECCEEEEEEEC
51,6UKF_X,MNWKEFEVFCVTYLNKTYGNKFAKKGESDSTTSDILFTGNNPFYIEAKMPHSQCGQFVLIPNRAEYKFDYSPKNKSEINPYTQKIMQFMSENFSEYANLSTKGKIIPLPESVFVNWIKEYYKSKSVKFFITSNGDFIIFPIEHFEHYFNVSCTYRIKKSGSRHLNSKSLPDFKQALDKKGISYTMRGLELHSDENIHDKRISGDDKDFLIKENNGAYHVKILSNTFNANVIFSISLKNNISLFILNEDRKAFEAAISL,LLHHHHHHHHHHHHHHHHLSLEELLSLLLTTSLSEEELSSSLEEEEELLSEEEEEEEEEEEETTTTEEEELTTLSSLLLHHHHHHHHHHHHTHHHHSSLLSSLEELLSLHHHHHHHHHHHHHHTTEEEEEEESSSEEEEEGGGGGGTEEEEEEEEELLLLLEELLGGGHHHHHHHHHHHTLLLEEETTEEELSSLLTTEEEELSSLEEEEEELSSSEEEEELLLLLLEEEEEEEEELSSLLHHHHHHHHHHHHHHTTL,CCHHHHHHHHHHHHHHHHCCCEECCCCCCCCCCCEEECCCCCEEEEECCCEEEEEEEEEEEECCCCEEEECCCCCCCCCHHHHHHHHHHHHCHHHHCCCCCCCEECCCCHHHHHHHHHHHHHHCCEEEEEEECCCEEEEEHHHHHHCEEEEEEEEECCCCCEECCHHHHHHHHHHHHHHCCCCEEECCEEECCCCCCCEEEECCCCEEEEEECCCCEEEEECCCCCCEEEEEEEEECCCCCHHHHHHHHHHHHHHCCC
52,5Z08_C,RQKDEWAKKTSSLMKQLDWFIGEHLGAMLAAEELGGPVVGELMEIDPDDLSAGFNAHGKLKKATSQPDLDRRQRRIDDIWGPQDEQGQAHKRKRGADEALAASAEMRDLIEQLMNKLVEAGGDNSATYVEIPRESAAARFLVRSKVAMFHPNDARRLRLVDFGRDLDD,LLHHHHHHHHHHHHHHHHHHHHHTHHHHHHLLLLLLLLLLLLLLLLLLLLLLLLLLLLLLLLLLLLLLLLLLLLLLLLLLLLLLLLLLLLLLLLLLLLHHHHHHHHHHHHHHHHHHHHHHTTLGGGLLEELLTTLHHHHHHHHTTSEEELSSLTTEEEELLSSLLTTL,CCHHHHHHHHHHHHHHHHHHHHHCHHHHHHCCCCCCCCCCCCCCCCCCCCCCCCCCCCCCCCCCCCCCCCCCCCCCCCCCCCCCCCCCCCCCCCCCCCHHHHHHHHHHHHHHHHHHHHHHCCCHHHCCEECCCCCHHHHHHHHCCCEEECCCCCCEEEECCCCCCCCC
53,6QZL_D,SMDGSRRSGYITIGYRGSYTIGRDAQADAKFRRVARITVCGKTSLAKEVFGDTLNESRDPDRPPERYTSRYYLKFNFLEQAFDKLSESGFHMVACSSTGTCAFASSTDQSEDKIWTSYTEYVFCRE,LLLLLTTLEEEEEEEEELLLLLLLLLLLLLLLLLLLEEEEEEHHHHHHHHGGGEELTTSLSLLTTSEEEEEEESLLLHHHHHHHHHHTTLEEEEEEEEELLLLLLLLLLLLLLLLLEEEEEEEEEL,CCCCCCCCEEEEEEEEECCCCCCCCCCCCCCCCCCCEEEEEEHHHHHHHHHHHEECCCCCCCCCCCEEEEEEECCCCHHHHHHHHHHCCCEEEEEEEEECCCCCCCCCCCCCCCCCEEEEEEEEEC
54,6C90_B,SGDPIPDMSKFATGITPFEFENMAESTGMYLRIRSLLKNSPRNQQKNKKASE,LLLLLLLHHHHHTTSLLLLLLSBLLLLSHHHHHHHTLSSLHHHHLLLLLLLL,CCCCCCCHHHHHCCCCCCCCCCECCCCCHHHHHHHCCCCCHHHHCCCCCCCC
55,6BXR_A,SQTVDLSCLSGTTVRFFGPSHHFGGFTPLYDPAPDKRVATVDAGANALFIGGGGLNGQFAKTLLEEAEKHGIRLTPEELSQHSQRIQQSLLRRAVKSPGKLVELDTGVASPVFARSFGFVPVVPGLMWEESEVGPNVGVTFVHILKPEVTPYGNLNNNVMMYTVAPSGAAPDKTYSLAYKTTIAGVIGAAAAYNDTPAGQQYPVQGLRLPLLGGGIFRRNRSLESIGRANAEGTSLAITRYGPNFELQYMYDPSNAALHGLQEAESTYLASAA,LEEEEEGGGTTEEEEELLLLSSGGGLLLSSLSSLSSLEEEEEELLTTLLSLSSHHHHHHHHHHHHHHHHTTLLLLHHHHHHHHHHHHHHHHHHHHHSTTSLEELLTTSLLSSEEEEEEELSSLTTTSSLHHHHLTTTTLEEEEEELGGGSGGGLGGGLEEEEELLLLTTSLHHHHHHHHHHHHHHHHHHHHHHTTSHHHHHSLLLEEEELLTTLSGGGTTLLHHHHHHHHHHHHHHHHHHHLLLSEEEELLLTTLHHHHHHHHHHHHHHTTTL,CEEEEEHHHCCEEEEECCCCCCHHHCCCCCCCCCCCCEEEEEECCCCCCCCCCHHHHHHHHHHHHHHHHCCCCCCHHHHHHHHHHHHHHHHHHHHHCCCCCEECCCCCCCCCEEEEEEECCCCCCCCCCHHHHCCCCCCEEEEEECHHHCHHHCHHHCEEEEECCCCCCCCHHHHHHHHHHHHHHHHHHHHHHCCCHHHHHCCCCEEEECCCCCCHHHCCCCHHHHHHHHHHHHHHHHHHHCCCCEEEECCCCCCHHHHHHHHHHHHHHCCCC
56,5Y9X_A,MFPMDTKTNEQPIIQFDAESWEAEFTQEIQDKAIEGLESGSVLFFPKLNFPLLTEELKFLDPTWVSGAKNISYDPRSATLKGVEGKSEDLRLLSGLLKRYAEKTAAFLHLLFPFYGSSLKIARTSFRPVEISGRATSARKDDTRLHVDAFPSSPTGGERILRVFSNINPQGKPRSWRIGEPFQNYLNHLLPQLSPPAPGKRFLLYLFGITKGYRSLYDHYMLELHDKGKLDLEYQKNSPQVAFDFPAGSTWIVFTDQVLHAVDKGQFLLEQTFHLKVNALKHPEKSPLKLLETALNKKLVSSESFKLAAALEHHHHHH,LLLLLLLLLLLLEEELLLLSTTLLLLHHHHHHHHHHHHTTLEEEETTLLLLLLLLLGGGLSGGGLLSSSLEEEETTTTEEESLLLLHHHHHHHHHHHHHHHHHHHHHHHHHLGGGGGGLEEEEEEEELSLGGGLLLLTTTLTTSLBLLLLTTSLLTTLEEEEEEEELLTTLLLEEEEEESLHHHHHHHHGGGLLLLLTTHHHHHHHTTSSSSLLLHHHHHHHHHHHHHHHLHHHHHHSLEEEEEELTTLEEEEETTTSLEEEEELLLEEEEEEEELGGGSSSGGGSHHHHHHHHHTSLLLTTLLLLLLLLLLLLLLLL,CCCCCCCCCCCCEEECCCCCCCCCCCHHHHHHHHHHHHCCCEEEECCCCCCCCCCCHHHCCHHHCCCCCCEEEECCCCEEECCCCCHHHHHHHHHHHHHHHHHHHHHHHHHCHHHHHHCEEEEEEEECCCHHHCCCCCCCCCCCCECCCCCCCCCCCCEEEEEEEECCCCCCCEEEEEECCHHHHHHHHHHHCCCCCCCHHHHHHHCCCCCCCCCHHHHHHHHHHHHHHHCHHHHHHCCEEEEEECCCCEEEEECCCCCEEEEECCCEEEEEEEECHHHCCCHHHCHHHHHHHHHCCCCCCCCCCCCCCCCCCCCCCC
57,6I5O_D,MTETTENVVITIPDKTSFTFHEAATSPSEGEEFVVGHFRELTVKISGSSTSREIKFYAVDENGEKTALSGTNKTDFQLGSSTLNTNEYWDFDIAGLFKVMFEVVSVTGDVTVKGIVVS,LLLLLLLEEEEEELEEEEEEEEEELSLBLLLLEELTTLLEEEEEEESSLSEEEEEEEEELTTLLEEELLEEETTTLLEESEESLSSEEEEEELTTLSEEEEEEEEEESLEEEEEEEEL,CCCCCCCEEEEEECEEEEEEEEEECCCECCCCEECCCCCEEEEEEECCCCEEEEEEEEECCCCCEEECCEEECCCCCEECEECCCCEEEEEECCCCCEEEEEEEEEECCEEEEEEEEC
58,6AKK_A,STMGLLSQENTQIRDLQQENRELWISLEEHQDALELIMSKYRKQMLQLMVAKKA,LLLLTTSHHHHHHHHHHHHHHHHHHHHHHHHHHHHHHHHHHHHHHHHHHHHLLL,CCCCCCCHHHHHHHHHHHHHHHHHHHHHHHHHHHHHHHHHHHHHHHHHHHHCCC
59,6GVK_B,DSNENLLLVHCGPTLINSCISFGSESFDGH,LLLEEEELTTSLLEELLLEEEEELLLLLLL,CCCEEEECCCCCCEECCCEEEEECCCCCCC
60,5XVJ_A,GSPRTVEEVFSDFRGRRAGLIKALSTDVQKFYHQCDPEKENLCLYGLPNETWEVNLPVEEVPPELPEPALGINFARDGMQEKDWISLVAVHSDSWLISVAFYFGARFGFGKNERKRLFQMINDLPTIFEVVTGNA,LLLHHHHHHHHHHHHHHHHHHHHHTTTHHHHHHHSLTTSSLLEEEEETTTEEEEELLLLLSSLLSLLLLSLHHHHGGGSLHHHHHHHHHHHHHHHHHHHHHHHHHHTTLLHHHHHHHHHHHHTSLLHHHHHTTLL,CCCHHHHHHHHHHHHHHHHHHHHHCCCHHHHHHHCCCCCCCCEEEEECCCEEEEECCCCCCCCCCCCCCCCHHHHHHHCCHHHHHHHHHHHHHHHHHHHHHHHHHHCCCCHHHHHHHHHHHHCCCCHHHHHCCCC
61,6MM1_B,GSGFEELPLCSCRMEAPKIDRISERAGHKCMATESVDGELSGCNAAILKRETMRPSSRVALMVLCETHRARMVKHHCCPGCGYFCTAGTFLECHPDFRVAHRFHKACVSQLNGMVFCPHCGEDASEAQEVTIPRGD,LLLLLLLLLLLTTLLBLLLHHHHHHTTTBLLLLEEETTEEELLLLBLSLLLBBLSSTTSLLBLLLHHHHHHHHTTLBLTTTLLEEEEEEEEEELLSTTLLEEELGGGLEEETTEEELTTTLLBGGGEEEEEELSLL,CCCCCCCCCCCCCCCECCCHHHHHHCCCECCCCEEECCEEECCCCECCCCCEECCCCCCCCECCCHHHHHHHHCCCECCCCCCEEEEEEEEEECCCCCCCEEECHHHCEEECCEEECCCCCCEHHHEEEEEECCCC
62,6WIN_A,APYVYANAKALQDTEKVGNHHQCVELIQHYIRVGQASTWQQGAAVFGNKNIEVGTVIATFVNGRYPNHNSGNHAAFFLGQDTGGIWVMDQWKDDIAKPRVSKRYIRKLHNGSVRSDGTYIRMSNNAEAYFIVELEHHHHH,LLLBLTTGGGGTTLLLLSSSLLHHHHHHHHSLLLLGGGLEEEEESTTLTTLLTTBEEEELBTTBLLTTSTTLLEEEEEEEETTEEEEEELLSLTTTLSSSEEEEEELLTTLSLLTTSLLTTGGGLGGGEEEEELLLTTLL,CCCECCCHHHHCCCCCCCCCCCHHHHHHHHCCCCCHHHCEEEEECCCCCCCCCCEEEEECECCECCCCCCCCCEEEEEEEECCEEEEEECCCCCCCCCCCEEEEEECCCCCCCCCCCCCCCHHHCHHHEEEEECCCCCCC
63,6AKM_B,STMEQLSQYLQEALHREQMLEQKLATLQRLLAITQEASDTSWQALIDEDRLLSRLEVMGNQLQA,LHHHHHHHHHHHHHHHHHHHHHHHHHHHHHHHHHHHHTHHHHHHTLLLLLLLLLLLLLLLLLLL,CHHHHHHHHHHHHHHHHHHHHHHHHHHHHHHHHHHHHCHHHHHHCCCCCCCCCCCCCCCCCCCC
64,6S9K_B,DYDLSLPFPVCESCPLYKKLRLSTDTVEHSLDNK,LLLLSLLSLSSTTSLHHHHHHHHLLLLLLLLLLL,CCCCCCCCCCCCCCCHHHHHHHHCCCCCCCCCCC
65,5XSW_B,MAYRIVSETGDKITVELTLANKNTHYVWNGWCFDIKNITFETTGKVLSIKYADGGEPVYNVNGNLVTIDLTWRGIFHLNTTVKIIIEIQKSGDNPYPHNFKIHYLRGESIIYPTIGELPASWKPGNFTLSDLIADPKSYYDPHVKPHQNGFIMYNPPHPTQIIIGLADIDYPLNLASSARMWVPNKYFAMGLALAYEWFKVNPNFLMALAAKENWGTAVTKDPAFKGYKVIIDEEEYYWPVQIDHPDGIFQVESGNFNQIKAYYPDIFPDTADHDDYMKVSLDPNDTAWITSPIVAAVSLTMERELLYAAVGDKYNEFLRLAKDPWAETEIIDFGYNRGVGAIEALKIFSDNWEKAINAEVLWKEFNMEGFGGHVPTVINITATMDMETERIYDANLTWDDIEYFFTVVRQKFFRPGAISDEEWNAMMRDVKRAYDLLSQHWGGDHISYRYDFLTILRVAMKHWPEPHIPRPTGDDWYYHARNYNP,LLEEEEEEETTEEEEEEEEEELLSSLLTTLSEEEEEEEEEELSSEEEEEEETTSSLLEEEEETTEEEEELGGGLEEETTEEEEEEEEEELLSSLLSLEEEEEEESSLTTLLLLLLLLLLTTLLSSSLLGGGTLSLHHHHTLLLLLLLLLLSBLSSLSLSSLLLLBLLEELSLBTTBSLEEELLLLHHHHHHHHHHHHHHLBLHHHHHHHHHHHHSTTEEBLLTTSLLEEEEETTEEEEELLLTTLTTTTTTLLHHHHHHHHHHLTTTSLTTLLHHHHHLLLSLTTLTHHHHHHHHHHHHHHHHHHHHHHHHTHHHHHHHHHLSLTTHHHHHHHHHHHHLHHHHHHHLTTTTTHHHHHTLSSHHHHHTLLLGGGHHHHHHHHHHHHHTLLSSBLLLEELHHHHHHHHHHHHHHSSLTTSSLHHHHHHHHHHHHHHHHHHHGGGTSSLEEHHHHHHHHHHHHHTTSLSSSSLLLLSHHHHHHHHTLLL,CCEEEEEEECCEEEEEEEEEECCCCCCCCCCEEEEEEEEEECCCEEEEEEECCCCCCEEEEECCEEEEECHHHCEEECCEEEEEEEEEECCCCCCCCEEEEEEECCCCCCCCCCCCCCCCCCCCCCCCHHHCCCCHHHHCCCCCCCCCCCCECCCCCCCCCCCCECCEECCCECCECCEEECCCCHHHHHHHHHHHHHHCECHHHHHHHHHHHHCCCEEECCCCCCCEEEEECCEEEEECCCCCCCCCCCCCCHHHHHHHHHHCCCCCCCCCCHHHHHCCCCCCCCCHHHHHHHHHHHHHHHHHHHHHHHHCHHHHHHHHHCCCCCHHHHHHHHHHHHCHHHHHHHCCCCCCHHHHHCCCCHHHHHCCCCHHHHHHHHHHHHHHHHCCCCCECCCEECHHHHHHHHHHHHHHCCCCCCCCHHHHHHHHHHHHHHHHHHHHHHCCCCEEHHHHHHHHHHHHHCCCCCCCCCCCCCHHHHHHHHCCCC
66,6CP8_C,SNAMINVNSTAKDIEGLESYLANGYVEANSFNDPEDDALECLSNLLVKDSRGGLSFCKKILNSNNIDGVFIKGSALNFLLLSEQWSYAFEYLTSNADNITLAELEKALFYFYCAKNETDPYPVPEGLFKKLMKRYEELKNDPDAKFYHLHETYDDFSKAYPLNN,LLLLLLLLLHHHHHHHHHHHHHHSLSSTTLLSLHHHHHHHHHHHHHHHLHHHHHHHHHHHHHLSSLLLSHHHHHHHHHHHTSTTHHHHHHHHHHHGGGLLHHHHHHHHHHHHHHTTSSSLLLLLTTHHHHHHHHHHHHTTLTTGGGGTHHHHHHHHHHHSSTTL,CCCCCCCCCHHHHHHHHHHHHHHCCCCCCCCCCHHHHHHHHHHHHHHHCHHHHHHHHHHHHHCCCCCCCHHHHHHHHHHHCCCCHHHHHHHHHHHHHHCCHHHHHHHHHHHHHHCCCCCCCCCCCCHHHHHHHHHHHHCCCCCHHHHCHHHHHHHHHHHCCCCC
67,6PFJ_T,GSRPPAQRTAESALPDRARPELGALRLPELRTLRREAQSDEADLSYVRRMLQGRIDILRAELARRTDGEAPVLDRLSEILADVPSRHRSSARHVTLSTPRGEEYRRLAAEMLSEVELSDLTARTDEELHAAMGRLAGYEQQISRRRHHLQRTADDCSAEIARRYREGEAQVDDLLA,LLLLLLLLLLLLLLLLLLLLLLLLLLLHHHHHHHHHHHHHHHHHHHHHHHHHHHHHHHHHHHHHHHSLLSLGGGGHHHHHSLLLLSSLLLLLLLLLLSLLSHHHHHHHHHHSLLGGGGLGGGSLHHHHHHHHHHHHHHHHHHHHHHHHHHHHHHHHHHHHHHHHHTTLLLGGGGLL,CCCCCCCCCCCCCCCCCCCCCCCCCCCHHHHHHHHHHHHHHHHHHHHHHHHHHHHHHHHHHHHHHHCCCCCHHHHHHHHHCCCCCCCCCCCCCCCCCCCCCHHHHHHHHHHCCCHHHHCHHHCCHHHHHHHHHHHHHHHHHHHHHHHHHHHHHHHHHHHHHHHHHCCCCCHHHHCC
68,5YR0_B,TSNELKKESESLRLKILVLRNELERQKKALGREVAFLHKQQMALQDKG,LLLLHHHHHHHHHHHHHHHHHHHHHHHHHHHHHHHHHHHHHHHHHHLL,CCCCHHHHHHHHHHHHHHHHHHHHHHHHHHHHHHHHHHHHHHHHHHCC
69,6HXV_A,GPHMEVGTVVQEEMKFRGSEFAVKVEMAERLLIVEISDVVTADQWRGEFGPAYIEDLTRKTGNFKQFPVFCSMLESAVHKSSDSVTLDLLTYSDLELLRNRKAGVVGRPRAQPQSPALSAKRYLILIYTVEEARIHYPLPLPYLGKPDPAELQKEIRALRSELKTLGLRGD,LLLLLTTLEEEEEEEETTEEEEEEEEEETTEEEEEEEETTTLLEEEEEELHHHHHHHHHHHTSLLLHHHHHHHHHHHHHTLLTTEEEEEELHHHHHHHHHHHLLLLLLLLLLLLLHHHHHLEEEEEEEEETTEEEEEEEEELEEELLLHHHHHHHHHHHHHHHHHHTTLLL,CCCCCCCCEEEEEEEECCEEEEEEEEEECCEEEEEEEECCCCCEEEEEECHHHHHHHHHHHCCCCCHHHHHHHHHHHHHCCCCCEEEEEECHHHHHHHHHHHCCCCCCCCCCCCCHHHHHCEEEEEEEEECCEEEEEEEEECEEECCCHHHHHHHHHHHHHHHHHHCCCCC
70,6UD7_D,ADFLKGLPVYNKSNFSRFHADSVCKASNRRPSVYLPTREYPSEQIIVTEKTNILLRYLHQQWDKKNAAKKRDQEQVELEGESSAPPRKVARTDSPDMHEDT,LLLLLLLLLSLTTTTTTLLLLLSSLLLLLLSEELLLLLLLLLSEEEEELLSLHHHHHHHHHHHHHHHTTTTLSLLLLLLLLLLLLLLLLLLLLLLLLLLLL,CCCCCCCCCCCCCCCCCCCCCCCCCCCCCCCEECCCCCCCCCCEEEEECCCCHHHHHHHHHHHHHHHCCCCCCCCCCCCCCCCCCCCCCCCCCCCCCCCCC
71,5Z08_D,HEAEMKSNRRRWRIMKGAASAIVAGSGIDWVRDERLRDLVLDLPD,LLHHHHHHHHHHHHHHHHHHHHHHTTTLLLSSLHHHHHHHLLLLL,CCHHHHHHHHHHHHHHHHHHHHHHCCCCCCCCCHHHHHHHCCCCC
72,6F45_D,MAVQGPWVGSSYVAETGQNWASLAANELRVTERPFWISSFIGRSKEEIWEWTGENHSFNKDWLIGELRNRGGTPVVINIRAHQVSYTPGAPLFEFPGDLPNAYITLNIYADIYGRGGTGGVAYLGGNPGGDCIHNWIGNRLRINNQGWICGGGGGGGGFRVGHTEAGGGGGRPLGAGGVSSLNLNGDNATLGAPGRGYQLGNDYAGNGGDVGNPGSASSAEMGGGAAGRAVVGTSPQWINVGNIAGSWL,LLLLSSLHHHHHHHHHSLSBHHHHHHHTTLLLSSEEGGGGTTLLLLEEEEELSLEEEELHHHHHHHHHHTTTLLEEEEELSLEEESLTTSLSEEELTTLLLSLEEEEELSEEELLLLLLLBTTLLLLLLLLSEEELSGGGEEEEESSEEELLLLLLLLEEETTEEEBLLLLTTTLLLLLLTTSLLLLLLLSSSLLLLLEETTEELLLLLLTTSLLLLLTTLLLLLLLLLSEEESLLEEEELLEEESLLL,CCCCCCCHHHHHHHHHCCCEHHHHHHHCCCCCCCEEHHHHCCCCCCEEEEECCCEEEECHHHHHHHHHHCCCCCEEEEECCCEEECCCCCCCEEECCCCCCCCEEEEECCEEECCCCCCCECCCCCCCCCCCEEECCHHHEEEEECCEEECCCCCCCCEEECCEEEECCCCCCCCCCCCCCCCCCCCCCCCCCCCCCCEECCEECCCCCCCCCCCCCCCCCCCCCCCCCCEEECCCEEEECCEEECCCC
73,6GZJ_B,SEKRLGSERRLLGLRGESPELDLSYSHSDLGKRPTKDSYTLTEELAEYAEIRVK,LLLLLLLLLLLLLLLLLLLLLLLLLLLLLLLLLLEEEEEEELLLLLLLLLLLLL,CCCCCCCCCCCCCCCCCCCCCCCCCCCCCCCCCCEEEEEEECCCCCCCCCCCCC
74,6P22_D,MSKQLVIDGDNLLFEPLFGNRQVTILGPATIRGSGHAKIQGKKIVIVGDEKKVQLQAQYITPSHPIPGMGIVTIAQLDANQQVNFCRTPATAIVVGQQFIARFTPTQPANNPSTGPDVTTPSMGKGRFIASQYAVSAG,LLLBBLBTTLEEEELSEETTEEEEESSLLBLLLLLSSEETTEEBLBTTSGGGLLEEEEEEETTEEEEEEEEEEEEELLGGGEEEEEESSSEEEBLLSLEEEEEEEEELLBLTTTLLLLLSLEEEEEEEELLLLSEEEL,CCCEECECCCEEEECCEECCEEEEECCCCECCCCCCCEECCEEECECCCHHHCCEEEEEEECCEEEEEEEEEEEEECCHHHEEEEEECCCEEEECCCCEEEEEEEEECCECCCCCCCCCCCEEEEEEEECCCCCEEEC
75,5ZKT_B,SKVYTAKGIRDRRVRLSVSTAIQFYDLQDRLGYDQPSKAIEWLIKAAAAAIDKLP,LEEEETTEEEESEEELLHHHHHHHHHHHHHHTLSSHHHHHHHHHHHTHHHHTTLL,CEEEECCEEEECEEECCHHHHHHHHHHHHHHCCCCHHHHHHHHHHHCHHHHCCCC
76,6UD7_A,GPAPSSKSERNSGAGSGGGGPGGAGGKRAAGRRREHVLKQLERVKISGQLSPRLFRKLPPRVCVSLKNIVDEDFLYAGHIFLGFSKCGRYVLSYTSSSGDDDFSFYIYHLYWWEFNVHSKLKLVRQVRLFQDEEIYSDLYLTVCEWPSDASKVIVFGFNTRSANGMLMNMMMMSDENHRDIYVSTVAVPPPGRCAACQDASRAHPGDPNAQCLRHGFMLHTKYQVVYPFPTFQPAFQLKKDQVVLLNTSYSLVACAVSVHSAGDRSFCQILYDHSTCPLAPASPPEPQSPELPPALPSFCPEAAPARSSGSPEPSPAIAKAKEFVADIFRRAKEAKGGVPEEARPALCPGPSGSRCRAHSEPLALCGETAPRDSPPASEAPASEPGYVNYTKLYYVLESGEGTEPEDELEDDKISLPFVVTDLRGRNLRPMRERTAVQGQYLTVEQLTLDFEYVINEVIRHDATWGHQFCSFSDYDIVILEVCPETNQVLINIGLLLLAFPSPTEEGQLRPKTYHTSLKVAWDLNTGIFETVSVGDLTEVKGQTSGSVWSSYRKSCVDMVMKWLVPESSGRYVNRMTNEALHKGCSLKVLADSERYTWIVL,LLLLLLLLLLLLLLLLLLLLLLLLLLLLLLLLLLLLHHHHHHHHHHHLLLLTTTTTTSLLSEEEEHHHHLSSLSSLTTLEEEEELTTSSEEEEEEEELLLSSSLLBEEEEEEEELLTTSLLEEEEEEEESTTLLBLSLLEEEEEELSSLLSEEEEEEELSSEELSLLBTTBLLEETTLEEEEEEEEELLLSSLLLLLLLLLLLLLLLLLLLLLSSLLEEEEEEEELSSLLLLLHHHHTSSTTEEEEELSSEEEEEEEEEELSLTTLLLSSLLLLLLLLLLLLLLLLLLLLLLLLLLLLLLLLLLLLLLLLLLLLLLLLLLLLLLLLLLLLLLLLLLLLLLLLLLLLLLLLLLLLLLLLLLLLLLLLLLLLLLLLLLLLLLLLLLLLLLLEEEEEEELLLLLLLLLLLLLLLLLLLLLLLLEEEESSSSLLEEELSLLLSLEEEEEEEEEEHHHHHHHHHHHTLTTTTTEEEEEEEEEEEEEEETTTTEEEEEEEEEEEELLLSLLSSLLLLEEEEEEEEEEEETTTLLEEEEEELLLEELTTLLHHHHHHHHHHHHHHHHHHTLLLLLSSSSLEEELLLTTTTSLLLSEEEETTTTEEEEL,CCCCCCCCCCCCCCCCCCCCCCCCCCCCCCCCCCCCHHHHHHHHHHHCCCCCCCCCCCCCCEEEEHHHHCCCCCCCCCCEEEEECCCCCEEEEEEEECCCCCCCCEEEEEEEEECCCCCCCEEEEEEEECCCCCECCCCEEEEEECCCCCCEEEEEEECCCEECCCCECCECCEECCCEEEEEEEEECCCCCCCCCCCCCCCCCCCCCCCCCCCCCCEEEEEEEECCCCCCCCHHHHCCCCCEEEEECCCEEEEEEEEEECCCCCCCCCCCCCCCCCCCCCCCCCCCCCCCCCCCCCCCCCCCCCCCCCCCCCCCCCCCCCCCCCCCCCCCCCCCCCCCCCCCCCCCCCCCCCCCCCCCCCCCCCCCCCCCCCCCCCCCCCCCCCCCCCEEEEEEECCCCCCCCCCCCCCCCCCCCCCCCEEEECCCCCCEEECCCCCCCEEEEEEEEEEHHHHHHHHHHHCCCCCCCEEEEEEEEEEEEEEECCCCEEEEEEEEEEEECCCCCCCCCCCCEEEEEEEEEEEECCCCCEEEEEECCCEECCCCCHHHHHHHHHHHHHHHHHHCCCCCCCCCCCEEECCCCCCCCCCCCEEEECCCCEEEEC
77,6DNM_A,SHMVVLGGDRDFWLQVGIDPIQIMTGTATFYTLRCYLDDRPIFLGRNGRISVFGSERALARYLADEHDHDLSDLSTYDDIRTAATDGSLAVAVTDDNVYVLSGLVDDFADGPDAVDREQLDLAVELLRDIGDYSEDSAVDKALETTRPLGQLVAYVLDPHSVGKPTAPYAAAVREWEKLERFVESRLRRE,LLLLLLTTSTTHHHHHTLEEEEEELSSLEEEEEEEEETTEEEESEETTEEEEBSSHHHHHHHHTSLLLSTTTTSTTHHHHHHHHHHTLLLLLLLGGGEEELTTHHHHHHHLGGGSLHHHHHHHHHHHHHHHHHHTLTHHHHHTLTTSHHHHHHHHHHLTTLLLLLLSLLHHHHHHHHHHHHHHHHTEEEL,CCCCCCCCCCCHHHHHCCEEEEEECCCCEEEEEEEEECCEEEECEECCEEEEECCHHHHHHHHCCCCCCCCCCCCCHHHHHHHHHHCCCCCCCCHHHEEECCCHHHHHHHCHHHCCHHHHHHHHHHHHHHHHHHCCCHHHHHCCCCCHHHHHHHHHHCCCCCCCCCCCCHHHHHHHHHHHHHHHHCEEEC
78,6HQC_A,DQSDLHISDQTDTKGTVCSPFALFAVLENTGEKLKKSKWKWELHKLENARKPLKDGNVIEKGFVSNQIGDSLYKIETKKKMKPGIYAFKVYKPAGYPANGSTFEWSEPMRLAKCDE,LLLLEEEEEESLSSSEEESSBLLEEEEEELSSLLSSLLLEEEEEEESLLLSSLLLLEEEEEEELLEEEETTEEEEELSSLBLSEEEEEEEELLTTLLLSSLSEEELLLEEEELLLL,CCCCEEEEEECCCCCEEECCECCEEEEEECCCCCCCCCCEEEEEEECCCCCCCCCCEEEEEEECCEEEECCEEEEECCCCECCEEEEEEEECCCCCCCCCCCEEECCCEEEECCCC
79,6B4E_C,GPSGSELADLAEETLKIFRANKFELGLVPDIPPPPALVA,LTTSLHHHHSLHHHHHHHHSSLLLTTLLLSSLLLGGGLL,CCCCCHHHHCCHHHHHHHHCCCCCCCCCCCCCCCHHHCC
80,6ULO_B,MAHHHHHHKIEENQNVSLNEGDIVSKLKETPQETLVPTKWDVGDTTVSNEDRLDLLIPHVQNLGNVYVGVGSEQNLTIAAWAKSDFIYLMDFTQIVVHANTITILFLQKSEKKEDFIRLWGKEGEKEALELIQVSFSDPEVYKKVYKQASPFIRKRHKTNLMLSKKYNYKMFQTDDEQYSYIRKLAIEGKILPIRGNLLGNITLTGIGNTLKKIGRKVGIIYFSNAEEYFAYPQEFKNSILNLPVSESSLVVRTISVRKDLFPWSPGSEISTDRGFHYCVQKISNFQKWLSSGKPGLRSLQVMVEGGTVDKKNGITVVDKEPVVTEDKLPKTGG,LLLLLLLLLLLLLLLLLLLLLHHHHHHHTLLLLLLLLLTTLSGGGGSLLLLLGGGGHHHHTTLLSEEEESSSTHHHHHHHHHTLSEEEEEESSHHHHHHHHHHHHHHHHLSSHHHHHHHHSGGGHHHHHHHHHHHLSSHHHHHHHHHHHHHHHHHHHHHHHHHHHHTTLLLTTTLHHHHHHHHHHHHTTLEEEEELLTTLSSHHHHHHHHHHHHTLLEEEEELTTGGGGLLLLHHHHHHHHTSLEEEEEEEEEEELSLTTTSLLLTTGGGTLSSLLEEEEEEHHHHHHHHTSLLTTLLHHHHHHHHEEEETTTTEEEELSLLLLLLLLLLLLLL,CCCCCCCCCCCCCCCCCCCCCHHHHHHHCCCCCCCCCCCCCCHHHHCCCCCCHHHHHHHHCCCCCEEEECCCCHHHHHHHHHCCCEEEEEECCHHHHHHHHHHHHHHHHCCCHHHHHHHHCHHHHHHHHHHHHHHCCCHHHHHHHHHHHHHHHHHHHHHHHHHHHHCCCCCCCCCHHHHHHHHHHHHCCCEEEEECCCCCCCHHHHHHHHHHHHCCCEEEEECCCHHHHCCCCHHHHHHHHCCCEEEEEEEEEEECCCCCCCCCCCCHHHCCCCCCEEEEEEHHHHHHHHCCCCCCCCHHHHHHHHEEEECCCCEEEECCCCCCCCCCCCCCCC
81,6DTD_A,MQKQDKLFVDRKKNAIFAFPKYITIMENKEKPEPIYYELTDKHFWAAFLNLARHNVYTTINHINRRLEIAELKDDGYMMGIKGSWNEQAKKLDKKVRLRDLIMKHFPFLEAAAYEMTNSKSPNNKEQREKEQSEALSLNNLKNVLFIFLEKLQVLRNYYSHYKYSEESPKPIFETSLLKNMYKVFDANVRLVKRDYMHHENIDMQRDFTHLNRKKQVGRTKNIIDSPNFHYHFADKEGNMTIAGLLFFVSLFLDKKDAIWMQKKLKGFKDGRNLREQMTNEVFCRSRISLPKLKLENVQTKDWMQLDMLNELVRCPKSLYERLREKDRESFKVPFDIFSDDYNAEEEPFKNTLVRHQDRFPYFVLRYFDLNEIFEQLRFQIDLGTYHFSIYNKRIGDEDEVRHLTHHLYGFARIQDFAPQNQPEEWRKLVKDLDHFETSQEPYISKTAPHYHLENEKIGIKFCSAHNNLFPSLQTDKTCNGRSKFNLGTQFTAEAFLSVHELLPMMFYYLLLTKDYSRKESADKVEGIIRKEISNIYAIYDAFANNEINSIADLTRRLQNTNILQGHLPKQMISILKGRQKDMGKEAERKIGEMIDDTQRRLDLLCKQTNQKIRIGKRNAGLLKSGKIADWLVNDMMRFQPVQKDQNNIPINNSKANSTEYRMLQRALALFGSENFRLKAYFNQMNLVGNDNPHPFLAETQWEHQTNILSFYRNYLEARKKYLKGLKPQNWKQYQHFLILKVQKTNRNTLVTGWKNSFNLPRGIFTQPIREWFEKHNNSKRIYDQILSFDRVGFVAKAIPLYFAEEYKDNVQPFYDYPFNIGNRLKPKKRQFLDKKERVELWQKNKELFKNYPSEKKKTDLAYLDFLSWKKFERELRLIKNQDIVTWLMFKELFNMATVEGLKIGEIHLRDIDTNTANEESNNILNRIMPMKLPVKTYETDNKGNILKERPLATFYIEETETKVLKQGNFKALVKDRRLNGLFSFAETTDLNLEEHPISKLSVDLELIKYQTTRISIFEMTLGLEKKLIDKYSTLPTDSFRNMLERWLQCKANRPELKNYVNSLIAVRNAFSHNQYPMYDATLFAEVKKFTLFPSVDTKKIELNIAPQLLEIVGKAIKEIEKSENKN,LLLLLLLLLLLLLLLLLLLLLLLLLLLLLLLLLLLLLLTTLHHHHHHHHHHHHHHHHHHHHHHHHHTTLLLLSSGGGGGGHHHHHHHSLLSHHHHHHHHHHHHHHLTTHHHHHLLLLLLLLLLLHHHHHHHHHHTTSHHHHHHHHHHHHHHHHHHHHHHTSSSTTSSSLLLLLLHHHHHHHHHHHHHHHHHHHHHTTTLTTLLTTTTTGGGLLLLLLLLLLLLLLLTTLLLLSBLTTSLBLHHHHHHHHHTTSLHHHHHHHHTTSTTTSLLLSHHHHHHHHHTTSSLLLLLLLLLLLLLLHHHHHHHHHHHHHSBLHHHHTTSLHHHHGGGEEESSLLLLLLLLLLLLLEEELBLLSLLHHHHHHHHHHHTTLLSSEEEEEEEEEEEEEEEEEEETTEEEEEEEEEEEEEESLGGGGLGGGLLHHHHHHBLLLLLLLLLSSLEELLLLLEELLBTTEEEEEELSSLLLLSLLLLLEELTTSLEELLLLGGGSLSEEEEGGGHHHHHHHHHHHTTTSLHHHHHHHHHHHHHHHHHHHHHHHHHHHTTLLLSHHHHHHHHTTSSLLGGGSLHHHHHHHHTLLLLHHHHHHHHHHHHHHHHHHHHHHHHHHHSSLLLTTSTTLSLLLHHHHHHHHHHHHHHHSLLLBLTTSLBLGGGSLLHHHHHHHHHHHHTHHHHGGGHHHHHHHTTSSSSSSLLSSGGGTTGGGLLSHHHHHHHHHHHHHHHHHTLLGGGHHHHHHHHLLLLLLLLHHHHHHHHTTTLBLLSLTTHHHHHHHHHHHLLTTLTTHHHHTLLSTTHHHHHHHHHHHHHHSLLLLGGGGSLEELSLTTLGGGLLEELHHHHHHHHHHHHHHHHTLLHHHHHHLHHHHHHHHHHHHHHHHHHHHHHHHHHHHHHHHHHHLLLLLLLLLLLLLGGGLSHHHHHHLTTSGGGLLLLEEEEEEEEEELTTSLEEEEEEEEEEEEEELLLLGGGLLLHHHHHTLTHHHHHGGGEELTTLLGGGSLEEHHHHHHHHHHHHHHHHHHHHHHHHHHHHHHHHLTTSLSSLHHHHHHHHHHHTTLLGGGHHHHHHHHHHHHHHHTTLLLLLLTTTTTTSLLEESLLLLLLLLLLLLLHHHHHHHHHHHHHHHHHHHLLL,CCCCCCCCCCCCCCCCCCCCCCCCCCCCCCCCCCCCCCCCCHHHHHHHHHHHHHHHHHHHHHHHHHCCCCCCCCHHHHHHHHHHHHHCCCCHHHHHHHHHHHHHHCCCHHHHHCCCCCCCCCCCHHHHHHHHHHCCCHHHHHHHHHHHHHHHHHHHHHHCCCCCCCCCCCCCCCHHHHHHHHHHHHHHHHHHHHHCCCCCCCCCCCCCHHHCCCCCCCCCCCCCCCCCCCCCCECCCCCECHHHHHHHHHCCCCHHHHHHHHCCCCCCCCCCCHHHHHHHHHCCCCCCCCCCCCCCCCCCHHHHHHHHHHHHHCECHHHHCCCCHHHHHHHEEECCCCCCCCCCCCCCCEEECECCCCCHHHHHHHHHHHCCCCCCEEEEEEEEEEEEEEEEEEECCEEEEEEEEEEEEEECCHHHHCHHHCCHHHHHHECCCCCCCCCCCCEECCCCCEECCECCEEEEEECCCCCCCCCCCCCEECCCCCEECCCCHHHCCCEEEEHHHHHHHHHHHHHHCCCCCHHHHHHHHHHHHHHHHHHHHHHHHHHHCCCCCCHHHHHHHHCCCCCCHHHCCHHHHHHHHCCCCCHHHHHHHHHHHHHHHHHHHHHHHHHHHCCCCCCCCCCCCCCCHHHHHHHHHHHHHHHCCCCECCCCCECHHHCCCHHHHHHHHHHHHCHHHHHHHHHHHHHHCCCCCCCCCCCCHHHCCHHHCCCHHHHHHHHHHHHHHHHHCCCHHHHHHHHHHHCCCCCCCCHHHHHHHHCCCCECCCCCCHHHHHHHHHHHCCCCCCCHHHHCCCCCCHHHHHHHHHHHHHHCCCCCHHHHCCEECCCCCCHHHCCEECHHHHHHHHHHHHHHHHCCCHHHHHHCHHHHHHHHHHHHHHHHHHHHHHHHHHHHHHHHHHHCCCCCCCCCCCCCHHHCCHHHHHHCCCCHHHCCCCEEEEEEEEEECCCCCEEEEEEEEEEEEEECCCCHHHCCCHHHHHCCCHHHHHHHHEECCCCCHHHCCEEHHHHHHHHHHHHHHHHHHHHHHHHHHHHHHHHCCCCCCCCHHHHHHHHHHHCCCCHHHHHHHHHHHHHHHHHHCCCCCCCCCCCCCCCCCEECCCCCCCCCCCCCCHHHHHHHHHHHHHHHHHHHCCC
82,6DKQ_A,SNLSLITKLSQEDGAILFPEIDRYSDNKQIKALTQQITKVTVNGTVYKDLISDSVKDTNGWVSNMTGLHLGTKAFKDGENTIVISSKGFEDVTITVTKKDGQIHFVSAKQKQ,LBLTTLLLLEEETTEEEETTSLTTLSSHHHHHHHHTEEEEEETTEEEEELLLLLLTTSSEEEEETTEEEEELTTLLSEEEEEEEEESSSLLEEEEEEEETTEEEEEEEELLL,CECCCCCCCEEECCEEEECCCCCCCCCHHHHHHHHCEEEEEECCEEEEECCCCCCCCCCEEEEECCEEEEECCCCCCEEEEEEEEECCCCCEEEEEEEECCEEEEEEEECCC
83,6MHF_C,KTGSPGSEVVTLQQFLEESNKLTSVQIKSSS,LLLLLTTSEEEHHHHHHHHLLLLLLLLLLLL,CCCCCCCCEEEHHHHHHHHCCCCCCCCCCCC
84,6HEM_A,GPDFSKHLKEETIQIITKASHEHEDKSPETVLQSAIKLEYARLVKLAQEDTPPETDYRLHHVVVYFIQNQAPKKIIEKTLLEQFGDRNLSFDERCHNIMKVAQAKLEMIKPEEVNLEEYEEWHQDYRKFRETTMYLIIGLENFQRESYIDSLLFLICAYQNNKELLSKGLYRGHDEELISHYRRECLLKLNEQAAELFESGEDREVNNGLIIMNEFIVPFLPLLLVDEMEEKDILAVEDMRNRWCSYLGQEMEPHLQEKLTDFLPKLLDCSMEIKSFHEPPKLPSYSTHELCERFARIMLSLS,LLLLLHHHHHHHHHHHHHHHTTLSLLLHHHHHHHHHHHHHHHHHHHHHLLLLTTLLGGGTLHHHHHHHTTLLHHHHHHHHHHHHTLGGGSSSTTTHHHHHHHHHHHHHLLTTTSLHHHHHHHHHHHHHHHHHHHHHHHHHHHHHTTLHHHHHHHHHHHHHHHHHHHHHLTTSSLLHHHHHHHHHHHHHHHHHHHHHHHTSLLHHHHHHHHHHHHHTHHHHGGGGGSLTTLHHHHHHHHHHHHHHHGGGGSLLLHHHHHHHHHHHHHHHLLTTLLLLLLLLLLLLLLLHHHHHHHHHHHHTTLL,CCCCCHHHHHHHHHHHHHHHCCCCCCCHHHHHHHHHHHHHHHHHHHHHCCCCCCCCHHHCCHHHHHHHCCCCHHHHHHHHHHHHCCHHHCCCCCCHHHHHHHHHHHHHCCCCCCCHHHHHHHHHHHHHHHHHHHHHHHHHHHHHCCCHHHHHHHHHHHHHHHHHHHHHCCCCCCCHHHHHHHHHHHHHHHHHHHHHHHCCCCHHHHHHHHHHHHHCHHHHHHHHHCCCCCHHHHHHHHHHHHHHHHHHHCCCCHHHHHHHHHHHHHHHCCCCCCCCCCCCCCCCCCCHHHHHHHHHHHHCCCC
85,6KZJ_A,GPGSASPDLLSEVSEMKQDLIKMTAILTTDVSDKAGSIKVKELVKAAEEEPGEPFEIVERVKEDLEKVNEILRSGT,LLLLLLHHHHHHHHHHHHHHHHHHHHHLLLLLLLLTTSLHHHHHHHHHHLLSLHHHHHHHHHHHHHHHHHHHHHLL,CCCCCCHHHHHHHHHHHHHHHHHHHHHCCCCCCCCCCCCHHHHHHHHHHCCCCHHHHHHHHHHHHHHHHHHHHHCC
86,6JM5_A,EVVNIQTWINKPDVKHHFPCKEVKESGHMFPSHLLVTATHMYCLREIVSRKGLAYIQSRQALNSVVKITSKKKHPELITFKYGNSSASGIEILAIERYLIPNAGDATKAIKQQIMKVLDALES,LEEEHHHHHTLTTLLEEEEEEEELSSSLEEEEEEEELSSEEEEEEELTTSTTEEEEEEEEEGGGEEEEEEETTEEEEEEEEEEEEETTEEEEEEEEEEELTTHHHHHHHHHHHHHHHHEETTL,CEEEHHHHHCCCCCCEEEEEEEECCCCCEEEEEEEECCCEEEEEEECCCCCCEEEEEEEEEHHHEEEEEEECCEEEEEEEEEEEEECCEEEEEEEEEEECCCHHHHHHHHHHHHHHHHEECCC
87,6AKM_A,STMAIEKILTDAKTLLERLREHDAAAESLVDQSAALHRRVAAMREAGTALPDQYQEDASDMKDMS,LLLHHHHHHHHHHHHHHHHHHHHHHHHHHHHHHHHHHHHHHHHHHHTLLLLLLLLLLLLLLLLLL,CCCHHHHHHHHHHHHHHHHHHHHHHHHHHHHHHHHHHHHHHHHHHHCCCCCCCCCCCCCCCCCCC
88,6A56_A,ERCGGWVKLNTAPVCFSAKGNRPGSFTPSHHGFLKSVKLRHLRGLVTCQSSTDAHDSYWGCKNRNGFHNYPLNVFVTDKHNKVMFPKTGATYYLDPYVIKNRFYGVQGYNAMSPELVLQHGCNSPSDYIGPDSQLRVWYGEDLYNTMESDNSGKVCADVFGYFV,LLSEEEEELLSSLEEEESSSSLLEEELLSSLBLEEEEEEEEEEEEEESLTTLSTTLBSSBLTTLLLLTTLLBLEEEELTTLLEEELSBSEEELLLTTTGGGLLEEETTLLTTLSEEEEELLSLLGGGLBLTTLLEEEEEHHHHHTSSLTTLEEEEEEEEEEEEL,CCCEEEEECCCCCEEEECCCCCCEEECCCCCECEEEEEEEEEEEEEECCCCCCCCCECCECCCCCCCCCCCECEEEECCCCCEEECCECEEECCCCCCHHHCCEEECCCCCCCCEEEEECCCCCHHHCECCCCCEEEEEHHHHHCCCCCCCEEEEEEEEEEEEC
89,6DED_B,SPVMEQVLLSLVEGKDLSMALPSGQVCHDQQRLEVIFADLARRKDDAQQRSWALYEDEGVIRCYLEELLHILTDADPEVCKKMCKRNEFESVLALVAYYQMEHRASLRLLLLKCFGAMCSLDAAIISTLVSSVLPVELARDMQTDTQDHQKLCYSALILAMVFSMGEAVPYAHYEHLGTPFAQFLLNIVEDGLPLDTTEQLPDLCVNLLLALNLHLPAADQNVIMAALSKHANVKIFSEKLLLLLNRGDDPVRIFKHEPQPPHSVLKFLQDVFGSPATAAIFYHTDMMALIDITVRHIADLSPGDKLRMEYLSLMHAIVRTTPYLQHRHRLPDLQAILRRILNEEETSPQCQMDRMIVREMCKEFLVLGEAPS,LLLLLLLLLLLLLLLLLLLLLLLLLLLHHHHHHHHHHHHHHLBLLLLLLLBGGGGSLHHHHHHHHHHHHHHHHHSLHHHHHHHHHHHHHHHHHHHHHHHHHLLLHHHHHHHHHHHHHHHHHLHHHHHHHHHSSHHHHHHHHHHHLTTLHHHHHHHHHHHHHHTTTLLLLLGGGGGTSSHHHHHHHHHHHHTLLSSLSSLLHHHHHHHHHHHHHTTLLLSSSLHHHHHHHTTLSLHHHHHHHHHHHHHTLLSSLLSLLSSLLLLHHHHHHHHHTTSHHHHTTSLHHHHHHHHHHHHHHHHHSLTTLTHHHHHHHHHHHHHHHSLHHHHLTTHHHHHHHHHHHHTLLLLLHHHHHHHHHHHHHHHHLGGGTSLLL,CCCCCCCCCCCCCCCCCCCCCCCCCCCHHHHHHHHHHHHHHCECCCCCCCEHHHHCCHHHHHHHHHHHHHHHHHCCHHHHHHHHHHHHHHHHHHHHHHHHHCCCHHHHHHHHHHHHHHHHHCHHHHHHHHHCCHHHHHHHHHHHCCCCHHHHHHHHHHHHHHCCCCCCCCHHHHHCCCHHHHHHHHHHHHCCCCCCCCCCHHHHHHHHHHHHHCCCCCCCCCHHHHHHHCCCCCHHHHHHHHHHHHHCCCCCCCCCCCCCCCCHHHHHHHHHCCCHHHHCCCCHHHHHHHHHHHHHHHHHCCCCCCHHHHHHHHHHHHHHHCCHHHHCCCHHHHHHHHHHHHCCCCCCHHHHHHHHHHHHHHHHCHHHCCCCC
90,6TX2_A,MGHHHHHHLRKEVENHYKLSLPEDFYHFWKFCEELDPEKPSDSLSASLGLQLVGPYDILAGKHKTKKKSTGLNFNLHWRFYYDPPEFQTIIIGDNKTQYHMGYFRDSPDEFPVYVGINEAKKNCIIVPNGDNVFAAVKLFLTKKLKEITDKKKINLLKNIDEKLTEAARELGYSLEQRTVKMKQRDKKVVTKTFHGAGLVVPVDKNDVGYRELPETDADLKRICKTIVEAASDEERLKAFAPIQEMMTFVQFANDECDYGMGLELGMDLFCYGSHYFHKVAGQLLPLAYNLLKRNLFAEIIEEHLANRSQENIDQLAA,LLLLLLLTTHHHHHHHHSSLLLHHHHHHHHHHHHHLTTLGGGTTHHHHSLEELTHHHHHTTTTLLLLLLLLLLTTSTTLLTTLLTTEEEEEELLTTTTEEEEEELSSTTSLLSEEEEEETTTLSLLEELLSSHHHHHHHHHHHHHTTLLLHHHHHHHHHHHHHHHHHHHHHTLLLLSSLHHHHHHHTTLSBLLTTSSLBLLLLLTTLTTLLLLSSLHHHHHHHHHHHHTLSSHHHHHHHTHHHHHHHHHHHHHHHTTLTHHHHHHHHHHHHHLLGGGHHHHHHHHHHHHHHTTLHHHHHHHHHHHHTLLSLLLTTLLL,CCCCCCCCCHHHHHHHHCCCCCHHHHHHHHHHHHHCCCCHHHCCHHHHCCEECCHHHHHCCCCCCCCCCCCCCCCCCCCCCCCCCCEEEEEECCCCCCEEEEEECCCCCCCCCEEEEEECCCCCCCEECCCCHHHHHHHHHHHHHCCCCCHHHHHHHHHHHHHHHHHHHHHCCCCCCCCHHHHHHHCCCCECCCCCCCECCCCCCCCCCCCCCCCCHHHHHHHHHHHHCCCCHHHHHHHCHHHHHHHHHHHHHHHCCCCHHHHHHHHHHHHHCCHHHHHHHHHHHHHHHHHCCCHHHHHHHHHHHHCCCCCCCCCCCC
91,6K4F_U,SMMSDLHIPGTQSTPAIQGDWQAGRLSMQGDSYPENSYELFGQVIDWVERFLADGQRPLELDLRLLYLNTSSIKAMMDILDLLEEAHQGGRPVSLRWHYDRRNERVAELAEEFREDCSFPFAIQAHDE,LLLLLEEELLLSSSLEEEEETTTTEEEEEEEELLSLHHHHHHHHHHHHHHHHHSLLLLEEEEEEEEEELHHHHHHHHHHHHHHHHHHHTTLLEEEEEEELLLLLLLLHHHHHHHHTLLSLEEEEELLL,CCCCCEEECCCCCCCEEEEECCCCEEEEEEEECCCCHHHHHHHHHHHHHHHHHCCCCCEEEEEEEEEECHHHHHHHHHHHHHHHHHHHCCCCEEEEEEECCCCCCCCHHHHHHHHCCCCCEEEEECCC
92,6KZJ_B,GPGSGFGTSPLTPSARISALNIVGDLLRKVGALESKLAACRNFAKDQASRK,LLLLLTTLLLBLHHHHHHHHHHHHHHHHHHHHHHHHHHHLLLLLLLLLLLL,CCCCCCCCCCECHHHHHHHHHHHHHHHHHHHHHHHHHHHCCCCCCCCCCCC
93,6HFO_A,NQNEALLQAIKARNIRLSEAACEDEDSASEGLGELFLDGLSTENPHGARLSLDGQGRLSWPVLFLYPEYAQSDFISAFHEDSRFIDHLMVMFGETPSWDLEQKYCPDNLEVYFEDEDRAELYRVPAKSTLLQVLQHQRYFVKALTPAFLVCVGSSPFCKNFLRGRKVYQIR,LLLLHHHHHHHHTTLEETTTLLLLLLLLLLLHHHHHHHHHHLLLLLLLLLEELTTSLEEEEEEEEETTTTEEEEEEEEETTSBHHHHHHHHTSSLLTTLTTSLLLGGGEEEEEEETTTTEEEEELTTLBHHHHHTSTTLEESTTLLEEEEEETTSHHHHHHTTTLEEEELL,CCCCHHHHHHHHCCCEECCCCCCCCCCCCCCHHHHHHHHHHCCCCCCCCCEECCCCCEEEEEEEEECCCCEEEEEEEEECCCEHHHHHHHHCCCCCCCCCCCCCCHHHEEEEEEECCCCEEEEECCCCEHHHHHCCCCCEECCCCCEEEEEECCCHHHHHHCCCCEEEECC
94,6K06_A,GPLGSMSEETRQSKLAAAKKKLREYQQRNDPGVPTGAKKKKKIKNGSNPETTT,LLLLLLLLLLLLLLLLLLLLLHHHHHHHHLSLLLLLLLLLLLLLLLLLLLLLL,CCCCCCCCCCCCCCCCCCCCCHHHHHHHHCCCCCCCCCCCCCCCCCCCCCCCC
95,6ORI_A,NAQMGEGRLANYSASGNTFQENPGYTKNYNFSDLQFNPKAITGDVLQGNTIDFEVYGKHNIAASTANWEIRLQLDERLAQYVEKIQVDPKKGVGNSRRTFVRINDSLGRPTNIWKVNYIRANDGLFAGAETTDTQTAPNGVITFEKNLDEIFKEIGADNLKSDRLMYRIYLVSHQDDDKIVPGIESTGYFLTDQDDFYNKLDVSENNSDQFKHGSVNTKYEEANIQTKDGSGSTGANGAIILDHKLTKEKNFSYSTSAKGTPWYANYKIDERLVPYVSGIQMHMVQADKVAYNVAFESGKKVADLAIERREGHENYGMGSITDNDLTKLIDFANASPRPIVVRYVLQLTKPLDEILEEMKAADKIEENAPFGEDFIFDSWLSDTNKKLIQNTYGTGYYYLQDIDGLEVLFQ,LLLLLLLLLLLLSGGGLSSSLLLLBLLLLSEEEEEEEELLBLGGGGGSSEEEEEEEEEESSLLLSTTEEEEEEELHHHHTTEEEEEELLLSSSLLLLEELEEEELTTSLEEEEEEEESBGGGTSSBLTTLLSSLEEEEEEEEEESSLHHHHHHHHLHHHHHHSLLEEEEEEEEGGGTTEEEEEEEEEEELLBTTLLGGGGSLBLSTTTTSEEEEEEEEEEELTTLBLTTSSLBLLTTLEEEEEEEEEESSLLLHHHHLLSLSLEEEEELLGGGGGGEEEEEEEELLLLSSSLLLLGGGLEEEEELLLLLSTTLTTTTEEEEELTTGGGTLLLLTTSLLLEEEEEEEEESSLHHHHHHHHLLLLLLLLLLLLLLLEEEEEEEELTTSLBLTTLLEEEEELLLLLLLLLLLLL,CCCCCCCCCCCCCHHHCCCCCCCCECCCCCEEEEEEEECCECHHHHHCCEEEEEEEEEECCCCCCCCEEEEEEECHHHHCCEEEEEECCCCCCCCCCEECEEEECCCCCEEEEEEEECEHHHCCCECCCCCCCCEEEEEEEEEECCCHHHHHHHHCHHHHHHCCCEEEEEEEEHHHCCEEEEEEEEEEECCECCCCHHHHCCECCCCCCCEEEEEEEEEEECCCCECCCCCCECCCCCEEEEEEEEEECCCCCHHHHCCCCCCEEEEECCHHHHHHEEEEEEEECCCCCCCCCCCHHHCEEEEECCCCCCCCCCCCCEEEEECCCHHHCCCCCCCCCCCEEEEEEEEECCCHHHHHHHHCCCCCCCCCCCCCCCEEEEEEEECCCCCECCCCCEEEEECCCCCCCCCCCCC
96,6XYA_B,GPAQSGTLGGFSKPQKTFVRPGGGVGYKGKGVWTGVMEDTHVQILIDGDGTSNWLEEIRLSSDARLYDVIESIRRLCDDLGINNRVASAYRGHCMVRLSGFKIKPASRTDGCPVRIME,LLLLLLLEEEEEELLEEEELTTSLEEEESLEEEEEEETTEEEEEEEEELSSLEEEEEEEESLSTTHHHHHHHHHHHHHHHTEESLSLLSLLSSEEEEEETTEEEETTLLSSEEEEELL,CCCCCCCEEEEEECCEEEECCCCCEEEECCEEEEEEECCEEEEEEEEECCCCEEEEEEEECCCCCHHHHHHHHHHHHHHHCEECCCCCCCCCCEEEEEECCEEEECCCCCCEEEEECC
97,6NYQ_C,MFRCWGPHWGWVPCAPTPWLLLSLLVCSAPFGLQGEETRQVSMEVISGWPNPQNLLHIRAVGSNSTLHYVWSSLGPPAVVLVATNTTQSVLSVNWSLLLSPDPAGALMVLPKSSIQFSSALVFTRLLEFDSTNASEGAQPPGKPYPPYSLAKFSWNNITNSLDLANLSADFQGRPVDDPTGAFANGSLTFKVQAFSRSGRPAQPPRLLHTADVCQLEVALVGASPRGNHSLFGLEVATLGQGPDCPSVNERNSIDDEYAPAVFQLNQLLWGSSPSGFMQWRPVAFSEEERARESALPCQASTLHSTLASSLPHSPIVQAFFGSQNNFCAFNLTFGAPTGPGYWDQYYLCWSMLLGMGFPPVDIFSPLVLGIMAVALGAPGLMFLGGGLFLLLRHRRYSEYQSIN,LLLLLLLLLLLLLLLLLLLLLLLLLLLLLLLLLLLLLLLEEEEEELLLSSSLLLEEEEEEELSSLEEEEEEELSSSLEEEEEEESLTTLEEEELHHHHTSSLLTTSEEEESGGGEEEEEEEEEEEEEEEELTTLLTTLSSSSEELLLEEGGGEEELLTTTTLBTTTTEEEEEEEESLLTTLTTTTLEEEEEEEELSSLBLLSSTTLLLBLTTEEEEEEEEESLLLSSTTEEEEEEEEEELSSSSLLLLBLLLLLLLLLLLGGGLLEEEESSSSSEEEEEELSEEESSTTLLGGGEEEEEELLLEEELGGGSLLLHHHHHHHLSLLLEEEEEEEELLSSSSLTTTTSEEEEEEEEEEESLLLLLLLLLLLLLLLLLLLLLLLLLLLLLLLLLLLLLLLLLLLLLL,CCCCCCCCCCCCCCCCCCCCCCCCCCCCCCCCCCCCCCCEEEEEECCCCCCCCCEEEEEEECCCCEEEEEEECCCCCEEEEEEECCCCCEEEECHHHHCCCCCCCCEEEECHHHEEEEEEEEEEEEEEEECCCCCCCCCCCCEECCCEEHHHEEECCCCCCCECCCCEEEEEEEECCCCCCCCCCCEEEEEEEECCCCECCCCCCCCCECCCEEEEEEEEECCCCCCCCEEEEEEEEEECCCCCCCCCECCCCCCCCCCCHHHCCEEEECCCCCEEEEEECCEEECCCCCCHHHEEEEEECCCEEECHHHCCCCHHHHHHHCCCCCEEEEEEEECCCCCCCCCCCCEEEEEEEEEEECCCCCCCCCCCCCCCCCCCCCCCCCCCCCCCCCCCCCCCCCCCCCCC
98,6IN9_D,YNQNDALPQMAQQGTTPQIALPQVKGPAVLAGYSEEQGAPQVITNSSSSDTRWHEQRLPIYLRQHVQQSAVSGTESALPYARAASLENR,LLLLLLLLLLLLLLLLLLLLLLLLLLLLLLLLLLLLLLLLLLBLLSLHHHHHHHHTTHHHHHHHHHHHHHHLLLLLHHHHHHHHTLLLL,CCCCCCCCCCCCCCCCCCCCCCCCCCCCCCCCCCCCCCCCCCECCCCHHHHHHHHCCHHHHHHHHHHHHHHCCCCCHHHHHHHHCCCCC
99,6MZP_B,GSPCELLPVGVGHPVQAMLKSFTALSGCASRGTTSHPQEVHIINLRKGSAQGAREKTAEVALHLRPIQSLHVHQKPLVFILNSPQPILWKVRTEKLAPGVKRIFHVVEGSEVHFEVGNFSKSCEVKVETLPHGNEHLLNWAHHRYTAVTSFSELRMAHDIYIKVGEDPVFSETCKIDNKFLSLNYLASYIEPQPSTGCVLSGPDHEQEVHIIELQAPNSSSAFQVDVIVDLRPLDGDIPLHRDVVLLLKCEKSVNWVIKAHKVMGKLEIMTSDTVSLSEDTERLMQVSKTVKQKLPAGSQALIQWAEENGFNPVTSYTNTPVANHFNLRLREHHHHHH,LLLLLLEELLTTSSEEEEEEEELEEEEEELSLLLLLLLLEEEEEELLLLLLLLLLLLEEEEEEEEELTTLSSLLSLLEEEEELSSLEEEEEELLLLLLLLLLEEEELTTLEELLLLLLLLLLLEEEELLLLSSHHHHHHHHHTTSSLLSEEEEESLLSEEEEEESLLTTLLLLLLLBTTLLBTTEEEEEEEEELLEEEELLSLLLLLEEEEEEEEESSSSLLTTEEEEEEEELSSSSSLEELLEEEEEEESSLEEEEEEELSEEEEEEEELSSEEEELHHHHHHEEELLLLLLLLLSSHHHHHHHHHHTTLLSLLEEEEEEELSEEEEELLLLLLLLL,CCCCCCEECCCCCCEEEEEEEECEEEEEECCCCCCCCCCEEEEEECCCCCCCCCCCCEEEEEEEEECCCCCCCCCCCEEEEECCCCEEEEEECCCCCCCCCCEEEECCCCEECCCCCCCCCCCEEEECCCCCCHHHHHHHHHCCCCCCCEEEEECCCCEEEEEECCCCCCCCCCCCECCCCECCEEEEEEEEECCEEEECCCCCCCCEEEEEEEEECCCCCCCCEEEEEEEECCCCCCCEECCEEEEEEECCCEEEEEEECCEEEEEEEECCCEEEECHHHHHHEEECCCCCCCCCCCHHHHHHHHHHCCCCCCCEEEEEEECCEEEEECCCCCCCCC
100,6HFM_B,GSENKKIMLESAMTLRNITNIKTHSPVELLNEGKIRLEDPMDFESQLIYPALIMYPTQDEFDFVGEVSELTTVQELVDLVLEGPQERFKKEGKENFTPKKVLVFMETKAGGLIKAGKKLTFHDILKKESPDVPLFDNALKIYIVPKVESEGWISKWDKQKALERRSV,LHHHHHHHHHHHHHHTTLLEELBSSLLGGGGSSLLEESSTTLTTSLEEEEEEEEEGGGTEEEEEEEEETTSBHHHHHHHHHSSLLTTLLSTTGGGLSGGGEEEEEELTTSLEEELLTTLBHHHHHHLSSSLLLEETTBEEEEEEEHHHHHHHHHHLLHHHHHHTBLL,CHHHHHHHHHHHHHHCCCCEECECCCCHHHHCCCCEECCCCCCCCCEEEEEEEEEHHHCEEEEEEEEECCCEHHHHHHHHHCCCCCCCCCCCHHHCCHHHEEEEEECCCCCEEECCCCCEHHHHHHCCCCCCCEECCEEEEEEEEHHHHHHHHHHCCHHHHHHCECC
101,6QHG_B,GPGAGTVGGFIKRQQSKVVQNKVVYYGVGIWRGFMDGYQVHLEIENDIGQPPRLRNVTTNCQSSPWDLSIPIRQWAEDMGVTNNQDYSSKSSRGARYWMHSFRMQGPSKPFGCPVYIIK,LLLLSEEEEEEELLEEEEETTEEEEEEEEEEEEEETTEEEEEEEEELTTSLLEEEEEEESLLSLGGGGHHHHHHHHHHHTLBLLLLLGGGSLTTLLEEEETTEEELTTSLLSEEEEELL,CCCCCEEEEEEECCEEEEECCEEEEEEEEEEEEEECCEEEEEEEEECCCCCCEEEEEEECCCCCHHHHHHHHHHHHHHHCCECCCCCHHHCCCCCCEEEECCEEECCCCCCCEEEEECC
102,6NTR_D,SAVRLVPHRAIYDLTLDRADEKSGISGLTGRMVYEFNGSACEGYTTNFRFVTRVDMDEQPQRVTDQQTTTFEDADGKDFRFVNKTFVDKELVKEVRGDAKLEDGKTVVKLSKPKENTLDLKGTQFPTRHMEELIGKAEAGQKFYQTTLFDASEDADRVVATTVVVGKQQAVPDDETKVMGKFSKDQVWPVTIAYFDDKEQQDGMPIYRINFKLYRNGITRDMTMDYGDFSMRGKLVKLDIYDTGKNKTGCSK,LLLLLLLEEEEEEEEEEEELTTTLLLEEEEEEEEEEEEETTTEEEEEEEEEEEEELSSSLLEEEEEEEEEEELSSSSEEEEEEEEEESSSEEEEEEEEEELLTTEEEEEEEESSLEEEEEELLLLHHHHHHHHHHHHHTTLLEEEEEELLLLTTSLLLEEEEEEELLLBLLLLTTGGGGGGGTTSLBEEEEEEEELLLLLLLLLLSEEEEEEELTTSLEEEEEEELSSEEEEEEEEEEEELLLLLLLLLLLL,CCCCCCCEEEEEEEEEEEECCCCCCCEEEEEEEEEEEEECCCEEEEEEEEEEEEECCCCCCEEEEEEEEEEECCCCCEEEEEEEEEECCCEEEEEEEEEECCCCEEEEEEEECCCEEEEEECCCCHHHHHHHHHHHHHCCCCEEEEEECCCCCCCCCCEEEEEEECCCECCCCCCHHHHHHHCCCCEEEEEEEEECCCCCCCCCCCEEEEEEECCCCCEEEEEEECCCEEEEEEEEEEEECCCCCCCCCCCC
103,6DCE_A,EKIAIRDFQVGDLVLIILDERHDNYVLFTVSPTLYFLHSESLPALDLKPGEGASGASRRPWVLGKVMEKEYCQAKKAQNRFKVPLGTKFYRVKAVSWNKKV,LLBLLSSLLTTLEEEEEEETTTTEEEELLSSSSLEEELGGGTGGGTLLLLLLLLLLLLLSEEEEEEEEEEEEELLSSSLTTLLLTTLEEEEEEEEELLLLL,CCECCCCCCCCCEEEEEEECCCCEEEECCCCCCCEEECHHHCHHHCCCCCCCCCCCCCCCEEEEEEEEEEEEECCCCCCCCCCCCCCEEEEEEEEECCCCC
104,6V98_A,SGNDDFLIPVVFPDYLISVADEQSFELWGVKIKTPAVKAPYLGHAGVILINGETGVTRYYEYGRYKNPKSDIPGNVRKVGVSNVTIKSGLITESSLLKVLKEVSLRSGQEGRISGVVLRGKFFSEADSWLRGKMDLNNSPDKIPYDLDSHNCMTFVIDLADAMGLDPAWKPPVVVPSAYIEQFQLSEIDLDYDYKTNKLTVSE,LLLLEEEEEEEETTLLLLSLLLLLLLLLLLLLLLLLLLLLLLLEEEEEEELTTTLLEEEEEEESLLLTTLLSSLEEEELLLLLLLEETTEELHHHHHHHHHHHHHHHSTTLLEEEEEEEESLHHHHHHHHHHHHTTTTLTTLLLLBTTTBSHHHHHHHHHHHTTLLLSLLLSSLLHHHHHHHHHTTSEEEEEETTTTEEEEEL,CCCCEEEEEEEECCCCCCCCCCCCCCCCCCCCCCCCCCCCCCCEEEEEEECCCCCCEEEEEEECCCCCCCCCCCEEEECCCCCCCEECCEECHHHHHHHHHHHHHHHCCCCCEEEEEEEECCHHHHHHHHHHHHCCCCCCCCCCCECCCECHHHHHHHHHHHCCCCCCCCCCCCCHHHHHHHHHCCCEEEEEECCCCEEEEEC
105,6QGI_A,IAPLVGVGLAAGAVGVGWALREFEIVGSDAPPEGLTADALKQQVYQTAKTRKSTNASTIVDNQNILDGVKHTAYTDAKIAAIEELNAGSAESAVLDAATTEVNSYLTTVQSNFLKTWNESVAELDSILSTVVNHPDIGKGDVFLMLNGSDNTIEDLLANPSGSTDATSFTLADGTTMSVGTVEVDRGTESYYYDPMSGLVGDLGDLKNGGPTVQYDGDSLVYLNASNWKPIYDEMDTVLQNVRSGISTWVSNVYGDVQSGEIEVSDLVTPRERAAMMAQEEGMSQAIADLIALNVPVDAEREATITIQDTGATLPGTFALTDASDGPLESGKTYDPSTFSGDVYFTADMSLVEGDWTAYQSGVDGGNVTLTSEPYSGTAVELNTAANETVAVDAGNWTATGNGTWYHDVSPELETDITSIESARFLSTAEQTQYETIQLQGSFTIDKLTNTQTGEEVTATSFDSSEPHTDSNYITQEEWDQLEQQNKELIEKYEQSQSGGGLDLGQFDMFGIPGEIVAVGVAALVGLGVLGNN,LBLIIIIISSEEELLLGGGTSLLLLLLLLLLLSSLLHHHHHHHHHHHHHHHHHHHHHHTTTLLTTHHHHHHHHHHHHHHHHHHHHHTTLLHHHHHHHHHHHHHHHHHHHHHHHHHHHHHHHHHHHHHHHHHHHSSSLLGGGTBLLBBTTSLBLSEEEEELTTSTTSEEEELTTSLEEEELEEEEEETTEEEEELTTTLLLLSTTSBTTSSLEEEETTEEEELSLHHHHHHHHHHHHHHHHHHHHHHHHHHHHHBTTBLTTSLLLSSLLLHHHHHHHHHHSSSSLHHHHHHHHTTLLEEEEEEEEEEETTTTEEEEEEEEESLTTSLLLBTTLEELGGGLSSLEEEEEEGGGLEEELLLBLSEEBTTEEEESSLLBTTEEEEEEETTSLEEEEEGGGSEELTTSLEEEELTTTLSLLSEEEEEEEEEELLSSLLEEEEEELSLEEEEEEEETTTLLBLSBLLLBLLLLLLSSLLLSHHHHHHHHHHHHHHHHHHHHHTLLLLLLLLLLLLLLLLLLLLLLLLLLLLLLLLLLLL,CECHHHHHCCEEECCCHHHCCCCCCCCCCCCCCCCCHHHHHHHHHHHHHHHHHHHHHHCCCCCCCHHHHHHHHHHHHHHHHHHHHHCCCCHHHHHHHHHHHHHHHHHHHHHHHHHHHHHHHHHHHHHHHHHHHCCCCCHHHCECCEECCCCECCEEEEECCCCCCCEEEECCCCCEEEECEEEEEECCEEEEECCCCCCCCCCCCECCCCCEEEECCEEEECCCHHHHHHHHHHHHHHHHHHHHHHHHHHHHHECCECCCCCCCCCCCCHHHHHHHHHHCCCCCHHHHHHHHCCCCEEEEEEEEEEECCCCEEEEEEEEECCCCCCCCECCCEECHHHCCCCEEEEEEHHHCEEECCCECCEEECCEEEECCCCECCEEEEEEECCCCEEEEEHHHCEECCCCCEEEECCCCCCCCCEEEEEEEEEECCCCCCEEEEEECCCEEEEEEEECCCCCECCECCCECCCCCCCCCCCCHHHHHHHHHHHHHHHHHHHHHCCCCCCCCCCCCCCCCCCCCCCCCCCCCCCCCCCCCC
106,6D7Y_B,MKELFEVIFEGVNTSRLFFLLKEIESKSDRIFDFNFSEDFFSSNVNVFSELLIDSFLGFNGDLYFGVSMEGFSVKDGLKLPVVLLRVLKYEGGVDVGLCFYMNDFNSAGKVMLEFQKYMNGISADFGFENFYGGLEPASDQETRFFTNNRLGPLL,LLEEEEEEEESLLTTTHHHHHHHHHTTSSEEEEEEESSLSSLSLLLSLLHHHHHHHHHLSSLEEEEEEEEEEEEETTEEEEEEEEEEEEETTEEEEEEEEEESSHHHHHHHHHHHHHHHHHHHHHHLLSEEEEEESSTTLGGGEEEETTEELSLL,CCEEEEEEEECCCCCCHHHHHHHHHCCCCEEEEEEECCCCCCCCCCCCCHHHHHHHHHCCCCEEEEEEEEEEEEECCEEEEEEEEEEEEECCEEEEEEEEEECCHHHHHHHHHHHHHHHHHHHHHHCCCEEEEEECCCCCHHHEEEECCEECCCC
107,6RWT_A,MILQLFRRKSKANEAIVLRVYEVIVAAARQKRFYAQFQVPDTPLGRYEMLSLHIFLALHRMKGENPALNALAQEIADEFFKDVDHSLRELGIGDQGVPKRMKKLARMFYGRVGAYGAALDANDAQALAAALTRNIRPDLEFWPHACYLGAYVLQCRDCLREISDEALAAGDISYMDVDQVDLAP,LHHHHHHHHHHHHHHHHHHHHHHHHHHHTLGGGTTTTLLLLSHHHHHHHHHHHHHHHHHHHLSSLHHHHHHHHHHHHHHHHHHHHHHHHTTLSSTTLTTHHHHHHHHHHHHHHHHHHHHHTTLHHHHHHHHHHHHLTTLSSLTTHHHHHHHHHHHHHHHHHSLHHHHHTTLLLLLLGGGLLLLL,CHHHHHHHHHHHHHHHHHHHHHHHHHHHCCHHHCCCCCCCCCHHHHHHHHHHHHHHHHHHHCCCCHHHHHHHHHHHHHHHHHHHHHHHHCCCCCCCCCCHHHHHHHHHHHHHHHHHHHHHCCCHHHHHHHHHHHHCCCCCCCCCHHHHHHHHHHHHHHHHHCCHHHHHCCCCCCCCHHHCCCCC
108,6JSB_A,MKCRVVTTTGTADWSVRESFNNYLEGPIANGAAYKYHGGIEVRDGVETTGTKSAREFTWPVLGSEEGAVKLGGGVHWTGHNHYSGDDESQAPDNFILDLDFSNPTVKFDGNEGTLLVDFKSREFVDTKTVADFLTGTQAELATITFDEPIDLTQENVTVTGQTKLTATGVDVMGTFYPEGEALAPITLNLTNEVVLEHHHHHH,LEEEEEEEEEEEEELSLHHHHHHHTSHHHHSTTLSSLLEEEEETTLEEELLGGGLEEEEEEEEEETTEEEELLEEEEEEEELLLSSLGGGGGGLEEEEEEEEEEEEEEETTEEEEEEEEEEELLLLTTLLLLEEEEEEEEEEEEEESSLLLTTSSEEEEEEEEEELHHHHHHTTTLSLTTLBLLLEEEEEEEEEEEEELLLLL,CEEEEEEEEEEEEECCCHHHHHHHCCHHHHCCCCCCCCEEEEECCCEEECCHHHCEEEEEEEEEECCEEEECCEEEEEEEECCCCCCHHHHHHCEEEEEEEEEEEEEEECCEEEEEEEEEEECCCCCCCCCCEEEEEEEEEEEEEECCCCCCCCCEEEEEEEEEECHHHHHHCCCCCCCCCECCCEEEEEEEEEEEEECCCCC
109,6HS5_A,MGSSHHHHHHSSGLVPRGSHMPINLPELLTPISEASPSGDDLLFSNEFDAIQDARRYDDPTLDQGEWVTEIKEADWGFVVDHAGELLRTRTKDLRLAVWLTEALALEDGITGLTEGYALLEGLCREFWDTFHPLPEDDDIEHRLGNVAWLSGRTAELLRAVPLTDGASNAFSTLDWEVAQHVAQSIKRDPEHADDIARGKPSIEQIDASRRVTSIAFYTALLANLKAFEFALDAFEERLVERAGDSAPSFRQARDAFETVYRLAERFAREQGYTG,LLLLLLLLLLLLLLLLSSSSLLLLHHHHTSLSLSSLTTBLLLTTSHHHHHHHHHHLLLLLLLLLLLLLLLLLLLLHHHHHHHHHHHHHHTBLBHHHHHHHHHHHHHHHLHHHHHHHHHHHHHHHHHLTTTLBSLLSTTLHHHHTHHHHHHHHHHHHHHHTSBSLLBTTBLLBHHHHHHHHHHHHHHHHLGGGHHHHHTTSLLHHHHHHHHHTSLHHHHHHHHHHHHHHHHHHHHHHHHHHHHHGGGLLLLHHHHHHHHHHHHHHHHHHHHTTLLL,CCCCCCCCCCCCCCCCCCCCCCCCHHHHCCCCCCCCCCECCCCCCHHHHHHHHHHCCCCCCCCCCCCCCCCCCCCHHHHHHHHHHHHHHCECEHHHHHHHHHHHHHHHCHHHHHHHHHHHHHHHHHCCCCCECCCCCCCHHHHCHHHHHHHHHHHHHHHCCECCCECCECCEHHHHHHHHHHHHHHHHCHHHHHHHHCCCCCHHHHHHHHHCCCHHHHHHHHHHHHHHHHHHHHHHHHHHHHHHHHCCCCHHHHHHHHHHHHHHHHHHHHCCCCC
110,6H3W_A,GGGDFTTCLETESINWNCTGPFLNLGNCQKQQKKEPYTNIATQLKGLKAISVLDVPIITGIPDDIAGALRYIEEKEDFHVQLTIEYAMLSKYCDYYTQFSDNSGYSQTTWRVYLRSHDFEACILYPNQHFCRCVKNGEKCSSSNWDFANEMKDYYSGKQTKFDKDLNLALTALHHAFRGTSSAYIATMLSKKSNDDLIAYTNKIKTKFPGNALLKAIIDYIAYMKSLPGMANFKYDEFWDELLYKPNPAK,LLBLHHHHHHLSSLLGGGSGGGBLLLLLLHHHHHLLHHHHHHHHHHTTSSLGGGHHHHHTSLSSHHHHHHHHHHLLSHHHHHHHHHHHHHHSTTTTGGGGSSLLGGGHHHHHHHHHSLLHHHHHLTTSHHHHHHHHSLSGGGTTLLGGGHHHHHHTTLHHHHHHHHHHHHHHHHHHSLTHHHHHHHHHHHTTLHHHHHHHHHHHHHHLTTLHHHHHHHHHHHHHHTSGGGGGLLLLTHHHHTSLLLLLLL,CCECHHHHHHCCCCCHHHCHHHECCCCCCHHHHHCCHHHHHHHHHHCCCCCHHHHHHHHCCCCCHHHHHHHHHHCCCHHHHHHHHHHHHHHCCCCCHHHHCCCCHHHHHHHHHHHHCCCHHHHHCCCCHHHHHHHHCCCHHHCCCCHHHHHHHHHCCCHHHHHHHHHHHHHHHHHHCCCHHHHHHHHHHHCCCHHHHHHHHHHHHHHCCCCHHHHHHHHHHHHHHCCHHHHHCCCCCHHHHCCCCCCCCC
111,6JSA_A,MSLGVTQASAQWGVKASFQNYIRGSIANGSWTLNGVGFDNQQFQFSGNSGAVDAENKTGSINFPGSIHFTGHGGILDMQIANIEISFNGNSGELIADVVSSDMDGNSTNYGRTVVGTLNFSALNVSATEASGSASVSLSQSGSQAFADFYTPGTQLDPISFSATLGGLEHHHHHH,LLEEEEEEEEEELSLHHHHHHHHSTTTLLEEEEESLEEETTEEEEEELEEEEETTTTEEEEELLLEEEEEEGGGTEEEEEEEEEEEEETTEEEEEEEEEEELTTLLEEEEEEEEEEEEEEEEEEELSSEEEEEEEEEELHHHHHHTTTSSLTTLBLLLEEEEEEELLLLLLLLLL,CCEEEEEEEEEECCCHHHHHHHHCCCCCCEEEEECCEEECCEEEEEECEEEEECCCCEEEEECCCEEEEEEHHHCEEEEEEEEEEEEECCEEEEEEEEEEECCCCCEEEEEEEEEEEEEEEEEEECCCEEEEEEEEEECHHHHHHCCCCCCCCCECCCEEEEEEECCCCCCCCCC
112,6JS9_B,MQTEYRTASDGSLNWGFRQSFRNYIQTGVAKGSITLGDGASDNGGNFAFTPRTNGTTVTSDSQGTVEFNGSVHFLGHQAEDKWILDTTMSDIKMVFNGSSAQLVVDLVAREFKGTTYDDIGEYIISDDIVLADVSLNSAADFSQDSIDLSGTTDLTAAGAQAFGGFYETGEALDPTGGSLTISSTLEHHHHHH,LLLLLLEEEEEEEELLSLHHHHHHHHTSTTLLEEEEETTLBLGGGSLEELEEEEEEEEEETTEEEEEELLEEEEEEEEETTEEEEEEEEEEEEEEEETTEEEEEEEEEEELLLLSLSSLLLLEEEEEEEEEEEEEESSLLLTTSSEEELLEEEEELHHHHHHTTTLSLTTLBLLLBEEEEEEELLLLLLLLLL,CCCCCCEEEEEEEECCCCHHHHHHHHCCCCCCEEEEECCCECHHHCCEECEEEEEEEEEECCEEEEEECCEEEEEEEEECCEEEEEEEEEEEEEEEECCEEEEEEEEEEECCCCCCCCCCCCEEEEEEEEEEEEEECCCCCCCCCEEECCEEEEECHHHHHHCCCCCCCCCECCCEEEEEEEECCCCCCCCCC
113,6CCI_A,MQPWRRKFPLFETGVTMKQRKNSNLSIFVVVFSVFLFGIFMYNEDVKSIAEFPFSTSKPHDVHDEATPITEITTLPVQESIKNSDPIQESIKNADSVQDSVKDVAEPVQEEVSKTEEVKKIELFAATEDEEDVELPPEECDLFTGEWVFDNETHPLYKEDQCEFLTAQVTCMRNGRRDSLYQNWRWQPRDCSLPKFKAKLLLEKLRNKRMMFVGDSLNRNQWESMVCLVQSVVPPGRKSLNKTGSLSVFRVEDYNATVEFYWAPFLVESNSDDPNMHSILNRIIMPESIEKHGVNWKGVDFLVFNTYIWWMNTFAMKVLRGSFDKGDTEYEEIERPVAYRRVMRTWGDWVERNIDPLRTTVFFASMSPLHIKSLDWENPDGIKCALETTPILNMSMPFSVGTDYRLFSVAENVTHSLNVPVYFLNITKLSEYRKDAHTSVHTIRQGKMLTPEQQADPNTYADCIHWCLPGLPDTWNEFLYTRIISRS,LLLLLLLLLLLLLLLLLLLLLLLLLLLLLLLLLLLLLLLLLLLLLLLLLLLLLLLLLLLLLLLLLLLLLLLLLLLLLLLLLLLLLLLLLLLLLLLLLLLLLLLLLLLLLLLLLLLLLLLLLLLLLLLLLLLLLLLLLTTLLTTSEEEEELTTTLSSSLGGGLTTLLTTTLTTTTTLLLLGGGGEEEEESSSLLLLLLHHHHHHHTTTLEEEEEESHHHHHHHHHHHHHHHTTSLTTSEEEEEETTEEEEEETTTTEEEEEEELTTSSLBTTLLTTSLLLSLLEELTTLLHHHHGGGTTLSEEEELLLGGGSSSSEEEEESSLGGGTLLLEEEEEHHHHHHHHHHHHHHHHHHHLLTTTLEEEEELLLLLLLLGGGGTLTTSLTTTTLLSLLLLTTLLLLLLLLHHHHHHHHHHHHHSSSLEEEELLHHHHHTLTTLEEETSSEETTEELLHHHHTLHHHHLEEEEELSSSHHHHHHHHHHHHHHTLL,CCCCCCCCCCCCCCCCCCCCCCCCCCCCCCCCCCCCCCCCCCCCCCCCCCCCCCCCCCCCCCCCCCCCCCCCCCCCCCCCCCCCCCCCCCCCCCCCCCCCCCCCCCCCCCCCCCCCCCCCCCCCCCCCCCCCCCCCCCCCCCCCEEEEECCCCCCCCCHHHCCCCCCCCCCCCCCCCCCHHHHEEEEECCCCCCCCCHHHHHHHCCCCEEEEEECHHHHHHHHHHHHHHHCCCCCCCEEEEEECCEEEEEECCCCEEEEEEECCCCCCECCCCCCCCCCCCCEECCCCCHHHHHHHCCCCEEEECCCHHHCCCCEEEEECCCHHHCCCCEEEEEHHHHHHHHHHHHHHHHHHHCCCCCCEEEEECCCCCCCCHHHHCCCCCCCCCCCCCCCCCCCCCCCCCCCHHHHHHHHHHHHHCCCCEEEECCHHHHHCCCCCEEECCCEECCEECCHHHHCCHHHHCEEEEECCCCHHHHHHHHHHHHHHCCC
114,6PDK_A,MGSSHHHHHHSSGLVPRGSHMATQTGRTINGHTYTDAPVDVKLGPNTFRIPANYLDSQIAPWPGEGVTLVIEWPDMKPTAPGARANPRTNDFRKEIPIRINYVDRVPVETLLSRLSSNEAITEEGSVERGDPRDRLDQRVAKPQTLGLTPYAIDEAKMVVYAKKYEARYGKPPVRNPAYERDWYIARQGDGRISSFIKCDGEEFRRDGVRLEGREVISEPGEVAAGCVHYFVDIDNKLSVSLDYKRAFLKDWKRMEEAVRDVIARTRSK,LLLLLLLLLLLLLLLLLLLLLLLLEEEEETTEEEELLEEEEEETTEEEEEEGGGBSSSSSLLSSSSEEEEEETTTTEELLTTTTSSSLLSLGGGEEEEEEEELLSSLGGGHHHHHTSLTTTSLTTLSGGGLSTTLGGGSEELLLBTTBEEEELLHHHHHHHHHHHHHHHSSLLLLLGGGLLEEEEEELTTSLEEEEEEELLTTTLLLLEEEETTEEEELTTLLLLEEEEEEEETTTTEEEEEEEEGGGGGGHHHHHHHHHHHHHHHBLL,CCCCCCCCCCCCCCCCCCCCCCCCEEEEECCEEEECCEEEEEECCEEEEEEHHHECCCCCCCCCCCEEEEEECCCCEECCCCCCCCCCCCCHHHEEEEEEEECCCCCHHHHHHHHCCCCCCCCCCCCHHHCCCCCHHHCEECCCECCEEEEECCHHHHHHHHHHHHHHHCCCCCCCHHHCCEEEEEECCCCCEEEEEEECCCCCCCCCEEEECCEEEECCCCCCCEEEEEEEECCCCEEEEEEEEHHHHHHHHHHHHHHHHHHHHHECC
115,5ZMO_A,GSREAPKTFHRRVGDVRPARRAMGPALHRPVLLLWAIGQAVARAPRLQPWSTTRDAVAPLMEKYGQVEDGVDGVRYPFWALVRDDLWCVEQAEELTLTSRGRRPTLESLNAVDPSAGLREDDYNLLRSQPEAAASAAAGLIARYFHLLPAGLLEDFGLHELLAGRWPDALRP,LLLLLLLLHHHHHHTLLLLEETTEELLHHHHHHHHHHHHHHTTLLSEEEHHHHHHHHHHHHHHTSLLSLHHHHHHHHHHHHHHTTSLEETTGGGSLEETTTTEELHHHHHHHLLEEESLHHHHHHHHHLHHHHHHHHHHHHHHHLSSLLTTHHHHTTLTTTLLLLLLLLLLL,CCCCCCCCHHHHHHCCCCCEECCEECCHHHHHHHHHHHHHHCCCCCEEEHHHHHHHHHHHHHHCCCCCCHHHHHHHHHHHHHHCCCCEECCHHHCCEECCCCEECHHHHHHHCCEEECCHHHHHHHHHCHHHHHHHHHHHHHHHCCCCCCCHHHHCCCCCCCCCCCCCCCCC
116,6D0H_A,PVTTSFWRIATDARTYEADDLSGAGAKITGGRWNEVGVAIVYAASSRALACLETVVHLNSGGLPLNRYLVEIEVPDEVLASAEVATPGNLPVGWDAEPAGRVSISFGSQWAQSQRTALLLVPSVIVPEETNLLINPAHPDAKGIKARKVRKWLYDPRMIR,LLEEEEEEEEELLSSSLTTLLSLHHHHHHLBTTBLTTLLLEEEESSHHHHHHHHTTTTTLTTLLBLEEEEEEEEEHHHHTTLEELLTTTSLTTTTLSSLLHHHHHHHHHHHHHTSLSEEEEELSSSTTSEEEEELTTSGGGTTLEEEEEEELLLLTTLLL,CCEEEEEEEEECCCCCCCCCCCCHHHHHHCECCECCCCCCEEEECCHHHHHHHHCCCCCCCCCCECEEEEEEEEEHHHHCCCEECCCCCCCCCCCCCCCCHHHHHHHHHHHHHCCCCEEEEECCCCCCCEEEEECCCCHHHCCCEEEEEEECCCCCCCCC
117,6D7Y_A,IKTVLDTAQAPYKGSTVIGHALSKHAGRHPEIWGKVKGSMSGWNEQAMKHFKEIVRAPGEFRPTMNEKGITFLEKRLIDGRGVRLNLDGTFKGFID,LLLLLTTTTLEETTEEHHHHHHHHHHHHLHHHHLLLLSLHHHHHHHHHHHHHHHHHSSSLLEEEELTTSLEEEEEELTTSLEEEEETTSLEEEEEL,CCCCCCCCCCEECCEEHHHHHHHHHHHHCHHHHCCCCCCHHHHHHHHHHHHHHHHHCCCCCEEEECCCCCEEEEEECCCCCEEEEECCCCEEEEEC
118,6SH6_B,GPHMAEEAYKQQIKEDNIGNQLLRKMGWTGGGLGKSGEGIREPISVKEQHKREGLGLDVERVNKIAK,LLLLLLLLLLLLLLLLLHHHHHHHHTTLLSSLLSTTSLSLSSLLLLLLLLTTLLTTLLLLLLLLLLL,CCCCCCCCCCCCCCCCCHHHHHHHHCCCCCCCCCCCCCCCCCCCCCCCCCCCCCCCCCCCCCCCCCC
119,6A2J_A,HMLEDPMNKALKALGVLTTFVMLIVLIGGALVTKTGSGQGCGRQWPLCHGRFFPELNPASIIEWSHRFASGISIILVLSLAFWSWRKITPIFRETTFLAIMSIIFLFLQALLGALAVVFGSNALIMALHFGISLISFASVLILTLLIFEADKSVRTLVKPLQIGKKMQFHMIGILIYSYIVVYTGAYVRHTESSLACPNVPLCSPLNNGLPTQFHEWVQMGHRAAALLLFVWIIVAAVHAITSYKDQKQIFWGWISCLIFITLQALSGIMIVYSELALGFALAHSFFIACLFGVLCYFLLLIARFRYES,LLLSLTTHHHHHHHHHHHHHHHHHHHHGGGTBLLSSTTTTSBTTLLLLSSSLLLLLLHHHHHHHHHHHHHHHHHHHHHHHHHHHHHHHTTTLTTHHHHHHHHHHHHHHHHHHHHHHHHHTTLHHHHTTHHHHHHHHHHHHHHHHHHHHHHTLSSLSSLLLLLLLHHHHHHHHHHHHHHHHHHHHHHHHHHTTLTTSLLSSSSSLSGGGGLLLSHHHHHHHHHHHHHHHHHHHHHHHHHHHHHHLTTLHHHHHHHHHHHHHHHHHHHHHHHHHHTTSLHHHHHHHHHHHHHHHHHHHHHHHHHHHHHHHL,CCCCCCCHHHHHHHHHHHHHHHHHHHHHHHCECCCCCCCCCECCCCCCCCCCCCCCCHHHHHHHHHHHHHHHHHHHHHHHHHHHHHHHCCCCCCHHHHHHHHHHHHHHHHHHHHHHHHHCCCHHHHCCHHHHHHHHHHHHHHHHHHHHHHCCCCCCCCCCCCCCHHHHHHHHHHHHHHHHHHHHHHHHHHCCCCCCCCCCCCCCCHHHHCCCCHHHHHHHHHHHHHHHHHHHHHHHHHHHHHHCCCCHHHHHHHHHHHHHHHHHHHHHHHHHHCCCCHHHHHHHHHHHHHHHHHHHHHHHHHHHHHHHC
120,6OAW_B,GMLIPPSTFLPKRDKNVPYIAEVQSIPLSPSAYSVIIKDKSIFETSLSPNGSVSMSSFLTSIFDSAYIASLKYKSDDNYKYIGIPLLNAFVEWQIEEIDDSLDDKSKEIIKSYLISKLSAKYEKTKTENAVRVRLSICRDLYDTLSSDDLYYENKVYSLTLRRFLKAVYEDYALLSDCERERLIFADNIIKINEVIKQNGSRYYSFIYAYSNMYSREKRRIRLIPYRIVSDEYKMYNYLVCLSDEKSAGKEFKADSYRISRLSGLSIAEKLSQKEYSSVTEYERLKEGHVKSVKHLLSDPRFGSDESDISKVYLTEKGVEMFRKILYQRPILKGNEKPKPNTVNEFISPPIQVKYYFNKFGKDGVILSPSDSFEEMRTLYVEGADAYNREVEM,LLLLLLSSSSLLLLTTSLLLLLEEEEEELHHHHHHHHHHHHHHHTLLLLLLLLLHHHHHHHHHHHHHHHHHTTTSTTGGGGTTLLLLTTLLHHHHHTSLTTSLHHHHHHHHHHHHHHHHHHHTLLLLLLLEEEEEELLHHHHHHHTSSTTHHHHHHTTTLHHHHHHHHHHHHTTSLHHHHHHHHTHHHHHHHHHHHHHHTTTLLEEEEEEELSSLSSLEEEEEEEEEEEELTTSLLEEEEEEESTTTTTSLLEEEEEEGGGEELLLLLEELLHHHHHHHEETTEELHHHHHHHHHHHHLTTTTTSLLLLEEEEELHHHHHHHHHLLTTLLLBGGGLLLLTTEEEEELSLHHHHHHHHTTLGGGEEEEESHHHHHHHHHHHHHHHHHHHHTTLL,CCCCCCCCCCCCCCCCCCCCCCEEEEEECHHHHHHHHHHHHHHHCCCCCCCCCCHHHHHHHHHHHHHHHHHCCCCCCHHHHCCCCCCCCCCHHHHHCCCCCCCHHHHHHHHHHHHHHHHHHHCCCCCCCCEEEEEECCHHHHHHHCCCCCHHHHHHCCCCHHHHHHHHHHHHCCCCHHHHHHHHCHHHHHHHHHHHHHHCCCCCEEEEEEECCCCCCCEEEEEEEEEEEECCCCCCEEEEEEECCCCCCCCCEEEEEEHHHEECCCCCEECCHHHHHHHEECCEECHHHHHHHHHHHHCCCCCCCCCCCEEEEECHHHHHHHHHCCCCCCCEHHHCCCCCCEEEEECCCHHHHHHHHCCCHHHEEEEECHHHHHHHHHHHHHHHHHHHHCCCC
121,6VM6_F,SSASLLEKQSTGGAIARVGFGYQDAFVLRSLPLWLSQSAFSHIVSEALSDIEVCYFSSEKSLHVMYEAKNHSLTATEFWDEIRRFKSLFDTHPKNFIWFNLVCPSYNTAISPLISKIDRLRGVGSSYDDDSSVSVNGRSEYLDWCVGKKIDFSLAEFALDYVGFITFNSENSESIFLSEIQDTINIELLRSQVKQLKDQFKNLISRSSFGPIYRKDFENFICHALEEDRSQWLLDPIKINLSASSSQYQDLNLDISDFNGPDRAQKTSSDWNSLIKKAVSIGDFIHNSGDRRTLLIDGKQRMSTACMLGYVFSATRNFLLEIEHNGLIYRTDDHKQKEGQFFTKIEAVEPQGETEAIVAIGFPTAIGKDIDSTINEVKSLPRLNLESSHAIDNMETLNLAVREAKSALVSFKSENKLSKLHLFIKAPSVFAMVLGHRLNGICDIQLYDWVDGQYIPTAELNL,LLLLLLLLLLLLLLLLLLSLHHHHHHHHHHHHHHTTSTTEEEEELLSTTEEEEEELLSSSLEEEEEEELSLLLLHHHHHHHHHHHHHHHHHLSSLEEEEEEEESLLLTTTHHHHHHHHHHLLLLLLLLLLLLLHHHHHHHHHHHHHHTTLLHHHHHHHHHHEEEEELLSSSHHHHHHHHHHHHHLSLLLHHHHHHHHHHHHHHHTTGGGSLEEHHHHHHHHHHHHGGGHHHHHHSLEELBSSLLTTLLSSLBLLLGGGGSTTGGGLLHHHHHHHHHHHHHHHHHHHHHLSLLEEEEESLSLHHHHHHHHHHSLTTTTLEEEEEETTEEEETTLLLLLLSLLLEEELLLLLSSLSEEEEEEELSSLLGGGGGGSLHHHHTSLEEEEELLLLLLSHHHHHHHHHHHHHHHHHHHHHHTLSEEEEEEESLHHHHHHHHHTLLSSLEEEEEEEETTEEEEEEEELL,CCCCCCCCCCCCCCCCCCCCHHHHHHHHHHHHHHCCCCCEEEEECCCCCEEEEEECCCCCCEEEEEEECCCCCCHHHHHHHHHHHHHHHHHCCCCEEEEEEEECCCCCCCHHHHHHHHHHCCCCCCCCCCCCCHHHHHHHHHHHHHHCCCCHHHHHHHHHHEEEEECCCCCHHHHHHHHHHHHHCCCCCHHHHHHHHHHHHHHHCCHHHCCEEHHHHHHHHHHHHHHHHHHHHHCCEECECCCCCCCCCCCECCCHHHHCCCHHHCCHHHHHHHHHHHHHHHHHHHHHCCCCEEEEECCCCHHHHHHHHHHCCCCCCCEEEEEECCEEEECCCCCCCCCCCCEEECCCCCCCCCEEEEEEECCCCCHHHHHHCCHHHHCCCEEEEECCCCCCCHHHHHHHHHHHHHHHHHHHHHHCCCEEEEEEECCHHHHHHHHHCCCCCCEEEEEEEECCEEEEEEEECC
122,6T84_A,GHMIDRRRGLGRRRKSWAKSHGFDYEYESEDLLKRWKRGVMSTVGDVTAKNVVLGQIRGEAVFIFDIEEVATVIALHRKVGTNVVVDLRLKGLKEPRENDIWLLGAIGPRMVYSTNLDAARRACDRRMVTFAHTAPDCAEIMWNEQNWTLVAMPVTSNRAQWDEGLRTVRQFNDLLRVLPPVPQNAS,LLLLLLLTTHHHHHHHHHHHHTLEEEEEESSGGGGLLSGGGTTLLSLLEEEEEEEEETTEEEEEEEETTTEEEEEEELSSLBSLLEEEEETTSLLLLLTTLEEEEEETTEEEEESLHHHHHHHLSHHHHHHHHHSLTTLLEEEELSSEEEEEELTTLLHHHHHHHHHHHHHHHHHGGGSLBLLLLLL,CCCCCCCCCHHHHHHHHHHHHCCEEEEEECCHHHHCCCHHHCCCCCCCEEEEEEEEECCEEEEEEEECCCEEEEEEECCCCECCCEEEEECCCCCCCCCCCEEEEEECCEEEEECCHHHHHHHCCHHHHHHHHHCCCCCCEEEECCCEEEEEECCCCCHHHHHHHHHHHHHHHHHHHHCCECCCCCC
123,6TM6_A,ALCCLWSDWINEDHPSSGSDDGDRETFDGVCGAPEDIECRSVKDPHLSLEQLGQKVQCDVSVGFICKNEDQFGNGPFGLCYDYKIRVNCCWPMDKCA,LEEEEELLLBLLLLTTSSSSSEEEELLTTTLSSLSEEEEEESSSTTSLHHHHLLLEEEETTTEEEEEGGGSSLSTTLLLLLLEEEEEEEEEEGGGTL,CEEEEECCCECCCCCCCCCCCEEEECCCCCCCCCCEEEEEECCCCCCCHHHHCCCEEEECCCEEEEEHHHCCCCCCCCCCCCEEEEEEEEEEHHHCC
124,6O19_A,SGKVKKRLPQAKRACAKCQKDNKKCDDARPCQRCIKAKTDCIDLPRKKRPTGVRRGPYK,LLLLLLLLLLLSSLLHHHHHHTLLLLSSSSLHHHHHHTLLLLLLLLLLLLSSLLLLLLL,CCCCCCCCCCCCCCCHHHHHHCCCCCCCCCCHHHHHHCCCCCCCCCCCCCCCCCCCCCC
